cochrane_id,label_doi,doi,basis
CD000023,10.1002/14651858.cd000023.pub5,10.1002/14651858.cd000023.pub4,embedded_doi
CD000028,10.1002/14651858.cd000028.pub4,10.1002/14651858.cd000028.pub3,citation_year_issue
CD000029,10.1002/14651858.cd000029.pub4,10.1002/14651858.cd000029.pub3,embedded_doi
CD000031,10.1002/14651858.cd000031.pub6,10.1002/14651858.cd000031.pub5,embedded_doi
CD000071,10.1002/14651858.cd000071.pub4,10.1002/14651858.cd000071.pub3,embedded_doi
CD000099,10.1002/14651858.cd000099.pub4,10.1002/14651858.cd000099.pub3,embedded_doi
CD000125,10.1002/14651858.cd000125.pub5,10.1002/14651858.cd000125.pub4,citation_year_issue
CD000126,10.1002/14651858.cd000126.pub5,10.1002/14651858.cd000126.pub4,embedded_doi
CD000143,10.1002/14651858.cd000143.pub2,10.1002/14651858.cd000143,citation_year_issue
CD000214,10.1002/14651858.cd000214.pub3,10.1002/14651858.cd000214.pub2,byte_match_to_audited_package
CD000215,10.1002/14651858.cd000215.pub5,10.1002/14651858.cd000215.pub4,embedded_doi
CD000219,10.1002/14651858.cd000219.pub5,10.1002/14651858.cd000219.pub4,citation_year_issue
CD000230,10.1002/14651858.cd000230.pub6,10.1002/14651858.cd000230.pub5,embedded_doi
CD000247,10.1002/14651858.cd000247.pub4,10.1002/14651858.cd000247.pub3,byte_match_to_audited_package
CD000254,10.1002/14651858.cd000254.pub5,10.1002/14651858.cd000254.pub4,citation_year_issue
CD000259,10.1002/14651858.cd000259.pub4,10.1002/14651858.cd000259.pub3,citation_year_issue
CD000259,10.1002/14651858.cd000259.pub5,10.1002/14651858.cd000259.pub3,citation_year_issue
CD000329,10.1002/14651858.cd000329.pub4,10.1002/14651858.cd000329.pub3,embedded_doi
CD000402,10.1002/14651858.cd000402.pub5,10.1002/14651858.cd000402.pub4,citation_year_issue
CD000478,10.1002/14651858.cd000478.pub5,10.1002/14651858.cd000478.pub4,citation_year_issue
CD000479,10.1002/14651858.cd000479.pub6,10.1002/14651858.cd000479.pub5,embedded_doi
CD000512,10.1002/14651858.cd000512.pub3,10.1002/14651858.cd000512.pub2,byte_match_to_audited_package
CD000547,10.1002/14651858.cd000547.pub3,10.1002/14651858.cd000547.pub2,citation_year_issue
CD000979,10.1002/14651858.cd000979.pub3,10.1002/14651858.cd000979.pub2,embedded_doi
CD000985,10.1002/14651858.cd000985.pub3,10.1002/14651858.cd000985.pub2,embedded_doi
CD001024,10.1002/14651858.cd001024.pub3,10.1002/14651858.cd001024.pub2,byte_match_to_audited_package
CD001055,10.1002/14651858.cd001055.pub6,10.1002/14651858.cd001055.pub5,byte_match_to_audited_package
CD001059,10.1002/14651858.cd001059.pub6,10.1002/14651858.cd001059.pub5,byte_match_to_audited_package
CD001072,10.1002/14651858.cd001072.pub2,10.1002/14651858.cd001072,citation_year_issue
CD001097,10.1002/14651858.cd001097.pub4,10.1002/14651858.cd001097.pub3,embedded_doi
CD001125,10.1002/14651858.cd001125.pub2,10.1002/14651858.cd001125,byte_match_to_audited_package
CD001127,10.1002/14651858.cd001127.pub5,10.1002/14651858.cd001127.pub4,embedded_doi
CD001145,10.1002/14651858.cd001145.pub5,10.1002/14651858.cd001145.pub4,embedded_doi
CD001150,10.1002/14651858.cd001150.pub4,10.1002/14651858.cd001150.pub3,embedded_doi
CD001155,10.1002/14651858.cd001155.pub3,10.1002/14651858.cd001155.pub2,citation_year_issue
CD001174,10.1002/14651858.cd001174.pub4,10.1002/14651858.cd001174.pub3,citation_year_issue
CD001198,10.1002/14651858.cd001198.pub5,10.1002/14651858.cd001198.pub4,citation_year_issue
CD001241,10.1002/14651858.cd001241.pub8,10.1002/14651858.cd001241.pub7,embedded_doi
CD001243,10.1002/14651858.cd001243.pub4,10.1002/14651858.cd001243.pub3,embedded_doi
CD001301,10.1002/14651858.cd001301.pub2,10.1002/14651858.cd001301,citation_year_issue
CD001321,10.1002/14651858.cd001321.pub7,10.1002/14651858.cd001321.pub6,embedded_doi
CD001322,10.1002/14651858.cd001322.pub2,10.1002/14651858.cd001322,citation_year_issue
CD001337,10.1002/14651858.cd001337.pub3,10.1002/14651858.cd001337.pub2,embedded_doi
CD001396,10.1002/14651858.cd001396.pub4,10.1002/14651858.cd001396.pub3,citation_year_issue
CD001423,10.1002/14651858.cd001423.pub4,10.1002/14651858.cd001423.pub3,citation_year_issue
CD001431,10.1002/14651858.cd001431.pub6,10.1002/14651858.cd001431.pub5,citation_year_issue
CD001480,10.1002/14651858.cd001480.pub6,10.1002/14651858.cd001480.pub4,citation_year_issue
CD001496,10.1002/14651858.cd001496.pub2,10.1002/14651858.cd001496,embedded_doi
CD001506,10.1002/14651858.cd001506.pub5,10.1002/14651858.cd001506.pub4,citation_year_issue
CD001509,10.1002/14651858.cd001509.pub2,10.1002/14651858.cd001509,byte_match_to_audited_package
CD001533,10.1002/14651858.cd001533.pub7,10.1002/14651858.cd001533.pub6,embedded_doi
CD001552,10.1002/14651858.cd001552.pub3,10.1002/14651858.cd001552.pub2,citation_year_issue
CD001689,10.1002/14651858.cd001689.pub4,10.1002/14651858.cd001689.pub3,embedded_doi
CD001703,10.1002/14651858.cd001703.pub4,10.1002/14651858.cd001703.pub3,citation_year_issue
CD001732,10.1002/14651858.cd001732.pub3,10.1002/14651858.cd001732.pub2,embedded_doi
CD001747,10.1002/14651858.cd001747.pub4,10.1002/14651858.cd001747.pub3,citation_year_issue
CD001797,10.1002/14651858.cd001797.pub4,10.1002/14651858.cd001797.pub3,citation_year_issue
CD001800,10.1002/14651858.cd001800.pub4,10.1002/14651858.cd001800.pub3,embedded_doi
CD001819,10.1002/14651858.cd001819.pub3,10.1002/14651858.cd001819.pub2,embedded_doi
CD001836,10.1002/14651858.cd001836.pub4,10.1002/14651858.cd001836.pub3,citation_year_issue
CD001837,10.1002/14651858.cd001837.pub4,10.1002/14651858.cd001837.pub3,citation_year_issue
CD001888,10.1002/14651858.cd001888.pub5,10.1002/14651858.cd001888.pub4,citation_year_issue
CD001909,10.1002/14651858.cd001909.pub4,10.1002/14651858.cd001909.pub3,citation_year_issue
CD001919,10.1002/14651858.cd001919.pub4,10.1002/14651858.cd001919.pub3,embedded_doi
CD001920,10.1002/14651858.cd001920.pub4,10.1002/14651858.cd001920.pub3,embedded_doi
CD001939,10.1002/14651858.cd001939.pub5,10.1002/14651858.cd001939.pub4,byte_match_to_audited_package
CD002011,10.1002/14651858.cd002011.pub3,10.1002/14651858.cd002011.pub2,citation_year_issue
CD002042,10.1002/14651858.cd002042.pub6,10.1002/14651858.cd002042.pub5,embedded_doi
CD002052,10.1002/14651858.cd002052.pub4,10.1002/14651858.cd002052.pub3,citation_year_issue
CD002053,10.1002/14651858.cd002053.pub4,10.1002/14651858.cd002053.pub3,embedded_doi
CD002059,10.1002/14651858.cd002059.pub4,10.1002/14651858.cd002059.pub3,embedded_doi
CD002112,10.1002/14651858.cd002112.pub2,10.1002/14651858.cd002112,citation_year_issue
CD002115,10.1002/14651858.cd002115.pub6,10.1002/14651858.cd002115.pub5,citation_year_issue
CD002118,10.1002/14651858.cd002118.pub7,10.1002/14651858.cd002118.pub6,embedded_doi
CD002122,10.1002/14651858.cd002122.pub3,10.1002/14651858.cd002122.pub2,citation_year_issue
CD002198,10.1002/14651858.cd002198.pub3,10.1002/14651858.cd002198.pub2,citation_year_issue
CD002203,10.1002/14651858.cd002203.pub5,10.1002/14651858.cd002203.pub4,citation_year_issue
CD002204,10.1002/14651858.cd002204.pub5,10.1002/14651858.cd002204.pub4,citation_year_issue
CD002243,10.1002/14651858.cd002243.pub5,10.1002/14651858.cd002243.pub4,citation_year_issue
CD002283,10.1002/14651858.cd002283.pub5,10.1002/14651858.cd002283.pub4,citation_year_issue
CD002290,10.1002/14651858.cd002290.pub6,10.1002/14651858.cd002290.pub5,citation_year_issue
CD002292,10.1002/14651858.cd002292.pub4,10.1002/14651858.cd002292.pub3,citation_year_issue
CD002303,10.1002/14651858.cd002303.pub4,10.1002/14651858.cd002303.pub3,citation_year_issue
CD002769,10.1002/14651858.cd002769.pub6,10.1002/14651858.cd002769.pub5,byte_match_to_audited_package
CD002786,10.1002/14651858.cd002786.pub4,10.1002/14651858.cd002786.pub3,embedded_doi
CD002795,10.1002/14651858.cd002795.pub4,10.1002/14651858.cd002795.pub3,embedded_doi
CD002834,10.1002/14651858.cd002834.pub3,10.1002/14651858.cd002834.pub2,embedded_doi
CD002878,10.1002/14651858.cd002878.pub3,10.1002/14651858.cd002878.pub2,embedded_doi
CD002892,10.1002/14651858.cd002892.pub6,10.1002/14651858.cd002892.pub5,citation_year_issue
CD002958,10.1002/14651858.cd002958.pub2,10.1002/14651858.cd002958,embedded_doi
CD002971,10.1002/14651858.cd002971.pub6,10.1002/14651858.cd002971.pub5,citation_year_issue
CD002972,10.1002/14651858.cd002972.pub3,10.1002/14651858.cd002972.pub2,citation_year_issue
CD002974,10.1002/14651858.cd002974.pub3,10.1002/14651858.cd002974.pub2,citation_year_issue
CD002997,10.1002/14651858.cd002997.pub5,10.1002/14651858.cd002997.pub4,embedded_doi
CD003030,10.1002/14651858.cd003030.pub3,10.1002/14651858.cd003030.pub2,citation_year_issue
CD003031,10.1002/14651858.cd003031.pub4,10.1002/14651858.cd003031.pub3,embedded_doi
CD003129,10.1002/14651858.cd003129.pub2,10.1002/14651858.cd003129,citation_year_issue
CD003150,10.1002/14651858.cd003150.pub3,10.1002/14651858.cd003150.pub2,citation_year_issue
CD003200,10.1002/14651858.cd003200.pub9,10.1002/14651858.cd003200.pub8,embedded_doi
CD003212,10.1002/14651858.cd003212.pub4,10.1002/14651858.cd003212.pub3,citation_year_issue
CD003214,10.1002/14651858.cd003214.pub4,10.1002/14651858.cd003214.pub3,citation_year_issue
CD003216,10.1002/14651858.cd003216.pub3,10.1002/14651858.cd003216.pub2,citation_year_issue
CD003218,10.1002/14651858.cd003218.pub3,10.1002/14651858.cd003218.pub2,citation_year_issue
CD003281,10.1002/14651858.cd003281.pub5,10.1002/14651858.cd003281.pub4,citation_year_issue
CD003331,10.1002/14651858.cd003331.pub6,10.1002/14651858.cd003331.pub5,citation_year_issue
CD003333,10.1002/14651858.cd003333.pub4,10.1002/14651858.cd003333.pub3,citation_year_issue
CD003357,10.1002/14651858.cd003357.pub5,10.1002/14651858.cd003357.pub4,citation_year_issue
CD003376,10.1002/14651858.cd003376.pub4,10.1002/14651858.cd003376.pub3,citation_year_issue
CD003414,10.1002/14651858.cd003414.pub4,10.1002/14651858.cd003414.pub3,citation_year_issue
CD003424,10.1002/14651858.cd003424.pub5,10.1002/14651858.cd003424.pub4,citation_year_issue
CD003427,10.1002/14651858.cd003427.pub5,10.1002/14651858.cd003427.pub4,embedded_doi
CD003429,10.1002/14651858.cd003429.pub5,10.1002/14651858.cd003429.pub4,citation_year_issue
CD003437,10.1002/14651858.cd003437.pub5,10.1002/14651858.cd003437.pub4,citation_year_issue
CD003451,10.1002/14651858.cd003451.pub3,10.1002/14651858.cd003451.pub2,citation_year_issue
CD003477,10.1002/14651858.cd003477.pub5,10.1002/14651858.cd003477.pub4,citation_year_issue
CD003511,10.1002/14651858.cd003511.pub6,10.1002/14651858.cd003511.pub5,citation_year_issue
CD003519,10.1002/14651858.cd003519.pub5,10.1002/14651858.cd003519.pub4,citation_year_issue
CD003586,10.1002/14651858.cd003586.pub4,10.1002/14651858.cd003586.pub3,embedded_doi
CD003594,10.1002/14651858.cd003594.pub7,10.1002/14651858.cd003594.pub6,citation_year_issue
CD003598,10.1002/14651858.cd003598.pub3,10.1002/14651858.cd003598.pub2,citation_year_issue
CD003654,10.1002/14651858.cd003654.pub6,10.1002/14651858.cd003654.pub5,embedded_doi
CD003677,10.1002/14651858.cd003677.pub6,10.1002/14651858.cd003677.pub5,citation_year_issue
CD003733,10.1002/14651858.cd003733.pub5,10.1002/14651858.cd003733.pub4,citation_year_issue
CD003737,10.1002/14651858.cd003737.pub4,10.1002/14651858.cd003737.pub3,embedded_doi
CD003743,10.1002/14651858.cd003743.pub3,10.1002/14651858.cd003743.pub2,citation_year_issue
CD003748,10.1002/14651858.cd003748.pub5,10.1002/14651858.cd003748.pub4,embedded_doi
CD003774,10.1002/14651858.cd003774.pub5,10.1002/14651858.cd003774.pub4,citation_year_issue
CD003781,10.1002/14651858.cd003781.pub3,10.1002/14651858.cd003781.pub2,citation_year_issue
CD003811,10.1002/14651858.cd003811.pub3,10.1002/14651858.cd003811.pub2,embedded_doi
CD003813,10.1002/14651858.cd003813.pub5,10.1002/14651858.cd003813.pub4,citation_year_issue
CD003814,10.1002/14651858.cd003814.pub3,10.1002/14651858.cd003814.pub2,citation_year_issue
CD003833,10.1002/14651858.cd003833.pub5,10.1002/14651858.cd003833.pub4,citation_year_issue
CD003854,10.1002/14651858.cd003854.pub2,10.1002/14651858.cd003854,embedded_doi
CD003879,10.1002/14651858.cd003879.pub5,10.1002/14651858.cd003879.pub4,citation_year_issue
CD003928,10.1002/14651858.cd003928.pub4,10.1002/14651858.cd003928.pub3,citation_year_issue
CD003962,10.1002/14651858.cd003962.pub3,10.1002/14651858.cd003962.pub2,citation_year_issue
CD004002,10.1002/14651858.cd004002.pub4,10.1002/14651858.cd004002.pub3,embedded_doi
CD004011,10.1002/14651858.cd004011.pub4,10.1002/14651858.cd004011.pub3,embedded_doi
CD004014,10.1002/14651858.cd004014.pub7,10.1002/14651858.cd004014.pub6,byte_match_to_audited_package
CD004030,10.1002/14651858.cd004030.pub4,10.1002/14651858.cd004030.pub3,citation_year_issue
CD004044,10.1002/14651858.cd004044.pub5,10.1002/14651858.cd004044.pub4,embedded_doi
CD004060,10.1002/14651858.cd004060.pub3,10.1002/14651858.cd004060.pub2,byte_match_to_audited_package
CD004065,10.1002/14651858.cd004065.pub4,10.1002/14651858.cd004065.pub3,citation_year_issue
CD004122,10.1002/14651858.cd004122.pub5,10.1002/14651858.cd004122.pub4,embedded_doi
CD004128,10.1002/14651858.cd004128.pub5,10.1002/14651858.cd004128.pub4,citation_year_issue
CD004135,10.1002/14651858.cd004135.pub4,10.1002/14651858.cd004135.pub3,embedded_doi
CD004143,10.1002/14651858.cd004143.pub6,10.1002/14651858.cd004143.pub5,byte_match_to_audited_package
CD004153,10.1002/14651858.cd004153.pub3,10.1002/14651858.cd004153.pub2,citation_year_issue
CD004154,10.1002/14651858.cd004154.pub5,10.1002/14651858.cd004154.pub4,citation_year_issue
CD004177,10.1002/14651858.cd004177.pub2,10.1002/14651858.cd004177,citation_year_issue
CD004184,10.1002/14651858.cd004184.pub3,10.1002/14651858.cd004184.pub2,citation_year_issue
CD004197,10.1002/14651858.cd004197.pub6,10.1002/14651858.cd004197.pub5,citation_year_issue
CD004205,10.1002/14651858.cd004205.pub4,10.1002/14651858.cd004205.pub3,citation_year_issue
CD004293,10.1002/14651858.cd004293.pub4,10.1002/14651858.cd004293.pub3,embedded_doi
CD004307,10.1002/14651858.cd004307.pub7,10.1002/14651858.cd004307.pub6,citation_year_issue
CD004312,10.1002/14651858.cd004312.pub3,10.1002/14651858.cd004312.pub2,citation_year_issue
CD004366,10.1002/14651858.cd004366.pub7,10.1002/14651858.cd004366.pub6,byte_match_to_audited_package
CD004372,10.1002/14651858.cd004372.pub3,10.1002/14651858.cd004372.pub2,citation_year_issue
CD004376,10.1002/14651858.cd004376.pub4,10.1002/14651858.cd004376.pub3,citation_year_issue
CD004398,10.1002/14651858.cd004398.pub4,10.1002/14651858.cd004398.pub3,citation_year_issue
CD004406,10.1002/14651858.cd004406.pub6,10.1002/14651858.cd004406.pub4,embedded_doi
CD004407,10.1002/14651858.cd004407.pub5,10.1002/14651858.cd004407.pub4,embedded_doi
CD004417,10.1002/14651858.cd004417.pub6,10.1002/14651858.cd004417.pub5,embedded_doi
CD004447,10.1002/14651858.cd004447.pub3,10.1002/14651858.cd004447.pub2,embedded_doi
CD004508,10.1002/14651858.cd004508.pub5,10.1002/14651858.cd004508.pub4,citation_year_issue
CD004538,10.1002/14651858.cd004538.pub3,10.1002/14651858.cd004538.pub2,citation_year_issue
CD004631,10.1002/14651858.cd004631.pub6,10.1002/14651858.cd004631.pub5,citation_year_issue
CD004661,10.1002/14651858.cd004661.pub4,10.1002/14651858.cd004661.pub3,citation_year_issue
CD004667,10.1002/14651858.cd004667.pub6,10.1002/14651858.cd004667.pub5,citation_year_issue
CD004692,10.1002/14651858.cd004692.pub5,10.1002/14651858.cd004692.pub4,embedded_doi
CD004703,10.1002/14651858.cd004703.pub3,10.1002/14651858.cd004703.pub2,citation_year_issue
CD004720,10.1002/14651858.cd004720.pub4,10.1002/14651858.cd004720.pub3,byte_match_to_audited_package
CD004736,10.1002/14651858.cd004736.pub6,10.1002/14651858.cd004736.pub5,citation_year_issue
CD004762,10.1002/14651858.cd004762.pub3,10.1002/14651858.cd004762.pub2,citation_year_issue
CD004863,10.1002/14651858.cd004863.pub7,10.1002/14651858.cd004863.pub6,byte_match_to_audited_package
CD004871,10.1002/14651858.cd004871.pub5,10.1002/14651858.cd004871.pub4,citation_year_issue
CD004899,10.1002/14651858.cd004899.pub3,10.1002/14651858.cd004899.pub2,citation_year_issue
CD004904,10.1002/14651858.cd004904.pub4,10.1002/14651858.cd004904.pub3,citation_year_issue
CD004925,10.1002/14651858.cd004925.pub4,10.1002/14651858.cd004925.pub3,citation_year_issue
CD004950,10.1002/14651858.cd004950.pub4,10.1002/14651858.cd004950.pub3,citation_year_issue
CD004953,10.1002/14651858.cd004953.pub5,10.1002/14651858.cd004953.pub4,citation_year_issue
CD004969,10.1002/14651858.cd004969.pub5,10.1002/14651858.cd004969.pub4,citation_year_issue
CD004986,10.1002/14651858.cd004986.pub4,10.1002/14651858.cd004986.pub3,byte_match_to_audited_package
CD004992,10.1002/14651858.cd004992.pub4,10.1002/14651858.cd004992.pub3,citation_year_issue
CD005003,10.1002/14651858.cd005003.pub4,10.1002/14651858.cd005003.pub3,embedded_doi
CD005005,10.1002/14651858.cd005005.pub5,10.1002/14651858.cd005005.pub4,citation_year_issue
CD005047,10.1002/14651858.cd005047.pub3,10.1002/14651858.cd005047.pub2,citation_year_issue
CD005072,10.1002/14651858.cd005072.pub4,10.1002/14651858.cd005072.pub3,embedded_doi
CD005084,10.1002/14651858.cd005084.pub4,10.1002/14651858.cd005084.pub3,embedded_doi
CD005105,10.1002/14651858.cd005105.pub3,10.1002/14651858.cd005105.pub2,citation_year_issue
CD005133,10.1002/14651858.cd005133.pub4,10.1002/14651858.cd005133.pub3,citation_year_issue
CD005136,10.1002/14651858.cd005136.pub4,10.1002/14651858.cd005136.pub3,citation_year_issue
CD005160,10.1002/14651858.cd005160.pub3,10.1002/14651858.cd005160.pub2,byte_match_to_audited_package
CD005187,10.1002/14651858.cd005187.pub6,10.1002/14651858.cd005187.pub5,citation_year_issue
CD005249,10.1002/14651858.cd005249.pub3,10.1002/14651858.cd005249.pub2,embedded_doi
CD005252,10.1002/14651858.cd005252.pub5,10.1002/14651858.cd005252.pub4,embedded_doi
CD005254,10.1002/14651858.cd005254.pub4,10.1002/14651858.cd005254.pub3,citation_year_issue
CD005260,10.1002/14651858.cd005260.pub4,10.1002/14651858.cd005260.pub3,citation_year_issue
CD005262,10.1002/14651858.cd005262.pub4,10.1002/14651858.cd005262.pub3,citation_year_issue
CD005289,10.1002/14651858.cd005289.pub4,10.1002/14651858.cd005289.pub3,embedded_doi
CD005343,10.1002/14651858.cd005343.pub7,10.1002/14651858.cd005343.pub5,embedded_doi
CD005356,10.1002/14651858.cd005356.pub3,10.1002/14651858.cd005356.pub2,embedded_doi
CD005384,10.1002/14651858.cd005384.pub3,10.1002/14651858.cd005384.pub2,citation_year_issue
CD005415,10.1002/14651858.cd005415.pub4,10.1002/14651858.cd005415.pub3,embedded_doi
CD005455,10.1002/14651858.cd005455.pub3,10.1002/14651858.cd005455.pub2,embedded_doi
CD005470,10.1002/14651858.cd005470.pub4,10.1002/14651858.cd005470.pub3,citation_year_issue
CD005495,10.1002/14651858.cd005495.pub5,10.1002/14651858.cd005495.pub4,citation_year_issue
CD005496,10.1002/14651858.cd005496.pub6,10.1002/14651858.cd005496.pub5,embedded_doi
CD005517,10.1002/14651858.cd005517.pub3,10.1002/14651858.cd005517.pub2,embedded_doi
CD005528,10.1002/14651858.cd005528.pub3,10.1002/14651858.cd005528.pub2,citation_year_issue
CD005529,10.1002/14651858.cd005529.pub3,10.1002/14651858.cd005529.pub2,citation_year_issue
CD005547,10.1002/14651858.cd005547.pub4,10.1002/14651858.cd005547.pub3,embedded_doi
CD005549,10.1002/14651858.cd005549.pub4,10.1002/14651858.cd005549.pub3,citation_year_issue
CD005555,10.1002/14651858.cd005555.pub3,10.1002/14651858.cd005555.pub2,embedded_doi
CD005566,10.1002/14651858.cd005566.pub4,10.1002/14651858.cd005566.pub3,citation_year_issue
CD005582,10.1002/14651858.cd005582.pub5,10.1002/14651858.cd005582.pub4,citation_year_issue
CD005595,10.1002/14651858.cd005595.pub4,10.1002/14651858.cd005595.pub3,citation_year_issue
CD005620,10.1002/14651858.cd005620.pub3,10.1002/14651858.cd005620.pub2,embedded_doi
CD005624,10.1002/14651858.cd005624.pub4,10.1002/14651858.cd005624.pub3,embedded_doi
CD005626,10.1002/14651858.cd005626.pub4,10.1002/14651858.cd005626.pub3,citation_year_issue
CD005632,10.1002/14651858.cd005632.pub4,10.1002/14651858.cd005632.pub3,byte_match_to_audited_package
CD005634,10.1002/14651858.cd005634.pub3,10.1002/14651858.cd005634.pub2,citation_year_issue
CD005951,10.1002/14651858.cd005951.pub5,10.1002/14651858.cd005951.pub4,citation_year_issue
CD006006,10.1002/14651858.cd006006.pub3,10.1002/14651858.cd006006.pub2,citation_year_issue
CD006023,10.1002/14651858.cd006023.pub4,10.1002/14651858.cd006023.pub3,citation_year_issue
CD006027,10.1002/14651858.cd006027.pub3,10.1002/14651858.cd006027.pub2,citation_year_issue
CD006030,10.1002/14651858.cd006030.pub4,10.1002/14651858.cd006030.pub3,citation_year_issue
CD006095,10.1002/14651858.cd006095.pub5,10.1002/14651858.cd006095.pub4,citation_year_issue
CD006103,10.1002/14651858.cd006103.pub9,10.1002/14651858.cd006103.pub7,citation_year_issue
CD006110,10.1002/14651858.cd006110.pub5,10.1002/14651858.cd006110.pub4,citation_year_issue
CD006119,10.1002/14651858.cd006119.pub4,10.1002/14651858.cd006119.pub3,citation_year_issue
CD006124,10.1002/14651858.cd006124.pub3,10.1002/14651858.cd006124.pub2,citation_year_issue
CD006140,10.1002/14651858.cd006140.pub3,10.1002/14651858.cd006140.pub2,citation_year_issue
CD006182,10.1002/14651858.cd006182.pub3,10.1002/14651858.cd006182.pub2,citation_year_issue
CD006185,10.1002/14651858.cd006185.pub6,10.1002/14651858.cd006185.pub5,embedded_doi
CD006190,10.1002/14651858.cd006190.pub3,10.1002/14651858.cd006190.pub2,embedded_doi
CD006205,10.1002/14651858.cd006205.pub5,10.1002/14651858.cd006205.pub4,citation_year_issue
CD006214,10.1002/14651858.cd006214.pub5,10.1002/14651858.cd006214.pub4,citation_year_issue
CD006257,10.1002/14651858.cd006257.pub2,10.1002/14651858.cd006257,citation_year_issue
CD006268,10.1002/14651858.cd006268.pub3,10.1002/14651858.cd006268.pub2,citation_year_issue
CD006273,10.1002/14651858.cd006273.pub4,10.1002/14651858.cd006273.pub3,citation_year_issue
CD006275,10.1002/14651858.cd006275.pub4,10.1002/14651858.cd006275.pub3,citation_year_issue
CD006282,10.1002/14651858.cd006282.pub5,10.1002/14651858.cd006282.pub4,citation_year_issue
CD006348,10.1002/14651858.cd006348.pub3,10.1002/14651858.cd006348.pub2,citation_year_issue
CD006384,10.1002/14651858.cd006384.pub4,10.1002/14651858.cd006384.pub3,citation_year_issue
CD006386,10.1002/14651858.cd006386.pub4,10.1002/14651858.cd006386.pub3,embedded_doi
CD006404,10.1002/14651858.cd006404.pub5,10.1002/14651858.cd006404.pub4,embedded_doi
CD006405,10.1002/14651858.cd006405.pub4,10.1002/14651858.cd006405.pub3,citation_year_issue
CD006427,10.1002/14651858.cd006427.pub2,10.1002/14651858.cd006427,citation_year_issue
CD006475,10.1002/14651858.cd006475.pub3,10.1002/14651858.cd006475,citation_year_issue
CD006515,10.1002/14651858.cd006515.pub2,10.1002/14651858.cd006515,citation_year_issue
CD006536,10.1002/14651858.cd006536.pub5,10.1002/14651858.cd006536.pub4,citation_year_issue
CD006586,10.1002/14651858.cd006586.pub5,10.1002/14651858.cd006586.pub4,citation_year_issue
CD006589,10.1002/14651858.cd006589.pub5,10.1002/14651858.cd006589.pub4,byte_match_to_audited_package
CD006606,10.1002/14651858.cd006606.pub5,10.1002/14651858.cd006606.pub4,citation_year_issue
CD006632,10.1002/14651858.cd006632.pub3,10.1002/14651858.cd006632.pub2,citation_year_issue
CD006642,10.1002/14651858.cd006642.pub3,10.1002/14651858.cd006642.pub2,citation_year_issue
CD006680,10.1002/14651858.cd006680.pub4,10.1002/14651858.cd006680.pub3,embedded_doi
CD006682,10.1002/14651858.cd006682.pub6,10.1002/14651858.cd006682.pub5,citation_year_issue
CD006687,10.1002/14651858.cd006687.pub4,10.1002/14651858.cd006687.pub3,embedded_doi
CD006689,10.1002/14651858.cd006689.pub3,10.1002/14651858.cd006689.pub2,citation_year_issue
CD006712,10.1002/14651858.cd006712.pub3,10.1002/14651858.cd006712.pub2,citation_year_issue
CD006714,10.1002/14651858.cd006714.pub3,10.1002/14651858.cd006714.pub2,citation_year_issue
CD006742,10.1002/14651858.cd006742.pub3,10.1002/14651858.cd006742.pub2,citation_year_issue
CD006742,10.1002/14651858.cd006742.pub4,10.1002/14651858.cd006742.pub2,citation_year_issue
CD006746,10.1002/14651858.cd006746.pub4,10.1002/14651858.cd006746.pub3,embedded_doi
CD006768,10.1002/14651858.cd006768.pub3,10.1002/14651858.cd006768.pub2,citation_year_issue
CD006811,10.1002/14651858.cd006811.pub4,10.1002/14651858.cd006811.pub3,citation_year_issue
CD006822,10.1002/14651858.cd006822.pub6,10.1002/14651858.cd006822.pub5,embedded_doi
CD006839,10.1002/14651858.cd006839.pub5,10.1002/14651858.cd006839.pub4,citation_year_issue
CD006910,10.1002/14651858.cd006910.pub3,10.1002/14651858.cd006910.pub2,citation_year_issue
CD006913,10.1002/14651858.cd006913.pub3,10.1002/14651858.cd006913.pub2,citation_year_issue
CD006919,10.1002/14651858.cd006919.pub5,10.1002/14651858.cd006919.pub4,citation_year_issue
CD006932,10.1002/14651858.cd006932.pub4,10.1002/14651858.cd006932.pub3,citation_year_issue
CD006942,10.1002/14651858.cd006942.pub4,10.1002/14651858.cd006942.pub3,citation_year_issue
CD006961,10.1002/14651858.cd006961.pub5,10.1002/14651858.cd006961.pub4,citation_year_issue
CD006975,10.1002/14651858.cd006975.pub4,10.1002/14651858.cd006975.pub3,citation_year_issue
CD006982,10.1002/14651858.cd006982.pub5,10.1002/14651858.cd006982.pub4,citation_year_issue
CD007001,10.1002/14651858.cd007001.pub5,10.1002/14651858.cd007001.pub4,citation_year_issue
CD007019,10.1002/14651858.cd007019.pub3,10.1002/14651858.cd007019.pub2,citation_year_issue
CD007024,10.1002/14651858.cd007024.pub3,10.1002/14651858.cd007024.pub2,citation_year_issue
CD007026,10.1002/14651858.cd007026.pub7,10.1002/14651858.cd007026.pub6,embedded_doi
CD007044,10.1002/14651858.cd007044.pub4,10.1002/14651858.cd007044.pub3,citation_year_issue
CD007077,10.1002/14651858.cd007077.pub4,10.1002/14651858.cd007077.pub3,embedded_doi
CD007079,10.1002/14651858.cd007079.pub4,10.1002/14651858.cd007079.pub3,citation_year_issue
CD007110,10.1002/14651858.cd007110.pub4,10.1002/14651858.cd007110.pub3,citation_year_issue
CD007125,10.1002/14651858.cd007125.pub3,10.1002/14651858.cd007125.pub2,embedded_doi
CD007130,10.1002/14651858.cd007130.pub5,10.1002/14651858.cd007130.pub4,citation_year_issue
CD007131,10.1002/14651858.cd007131.pub5,10.1002/14651858.cd007131.pub4,byte_match_to_audited_package
CD007138,10.1002/14651858.cd007138.pub4,10.1002/14651858.cd007138.pub3,citation_year_issue
CD007144,10.1002/14651858.cd007144.pub3,10.1002/14651858.cd007144.pub2,embedded_doi
CD007156,10.1002/14651858.cd007156.pub3,10.1002/14651858.cd007156,citation_year_issue
CD007175,10.1002/14651858.cd007175.pub5,10.1002/14651858.cd007175.pub4,citation_year_issue
CD007287,10.1002/14651858.cd007287.pub4,10.1002/14651858.cd007287.pub3,citation_year_issue
CD007310,10.1002/14651858.cd007310.pub3,10.1002/14651858.cd007310.pub2,citation_year_issue
CD007315,10.1002/14651858.cd007315.pub3,10.1002/14651858.cd007315.pub2,citation_year_issue
CD007334,10.1002/14651858.cd007334.pub5,10.1002/14651858.cd007334.pub4,citation_year_issue
CD007337,10.1002/14651858.cd007337.pub4,10.1002/14651858.cd007337.pub3,embedded_doi
CD007370,10.1002/14651858.cd007370.pub4,10.1002/14651858.cd007370.pub3,citation_year_issue
CD007374,10.1002/14651858.cd007374.pub3,10.1002/14651858.cd007374.pub2,citation_year_issue
CD007388,10.1002/14651858.cd007388.pub3,10.1002/14651858.cd007388.pub2,citation_year_issue
CD007419,10.1002/14651858.cd007419.pub7,10.1002/14651858.cd007419.pub6,citation_year_issue
CD007447,10.1002/14651858.cd007447.pub2,10.1002/14651858.cd007447,citation_year_issue
CD007478,10.1002/14651858.cd007478.pub2,10.1002/14651858.cd007478,embedded_doi
CD007491,10.1002/14651858.cd007491.pub3,10.1002/14651858.cd007491.pub2,citation_year_issue
CD007535,10.1002/14651858.cd007535.pub4,10.1002/14651858.cd007535.pub3,embedded_doi
CD007546,10.1002/14651858.cd007546.pub3,10.1002/14651858.cd007546.pub2,citation_year_issue
CD007569,10.1002/14651858.cd007569.pub4,10.1002/14651858.cd007569.pub3,citation_year_issue
CD007572,10.1002/14651858.cd007572.pub4,10.1002/14651858.cd007572.pub3,citation_year_issue
CD007579,10.1002/14651858.cd007579.pub3,10.1002/14651858.cd007579.pub2,embedded_doi
CD007593,10.1002/14651858.cd007593.pub2,10.1002/14651858.cd007593,citation_year_issue
CD007639,10.1002/14651858.cd007639.pub3,10.1002/14651858.cd007639.pub2,citation_year_issue
CD007644,10.1002/14651858.cd007644.pub3,10.1002/14651858.cd007644.pub2,citation_year_issue
CD007651,10.1002/14651858.cd007651.pub3,10.1002/14651858.cd007651.pub2,embedded_doi
CD007652,10.1002/14651858.cd007652.pub7,10.1002/14651858.cd007652.pub5,citation_year_issue
CD007654,10.1002/14651858.cd007654.pub6,10.1002/14651858.cd007654.pub5,byte_match_to_audited_package
CD007662,10.1002/14651858.cd007662.pub3,10.1002/14651858.cd007662.pub2,embedded_doi
CD007674,10.1002/14651858.cd007674.pub3,10.1002/14651858.cd007674,citation_year_issue
CD007689,10.1002/14651858.cd007689.pub5,10.1002/14651858.cd007689.pub4,citation_year_issue
CD007693,10.1002/14651858.cd007693.pub3,10.1002/14651858.cd007693.pub2,citation_year_issue
CD007751,10.1002/14651858.cd007751.pub3,10.1002/14651858.cd007751.pub2,citation_year_issue
CD007784,10.1002/14651858.cd007784.pub3,10.1002/14651858.cd007784.pub2,citation_year_issue
CD007791,10.1002/14651858.cd007791.pub5,10.1002/14651858.cd007791.pub4,byte_match_to_audited_package
CD007794,10.1002/14651858.cd007794.pub3,10.1002/14651858.cd007794.pub2,citation_year_issue
CD007798,10.1002/14651858.cd007798.pub6,10.1002/14651858.cd007798.pub5,byte_match_to_audited_package
CD007809,10.1002/14651858.cd007809.pub3,10.1002/14651858.cd007809.pub2,citation_year_issue
CD007837,10.1002/14651858.cd007837.pub3,10.1002/14651858.cd007837.pub2,citation_year_issue
CD007843,10.1002/14651858.cd007843.pub4,10.1002/14651858.cd007843.pub3,citation_year_issue
CD007859,10.1002/14651858.cd007859.pub5,10.1002/14651858.cd007859.pub4,citation_year_issue
CD007871,10.1002/14651858.cd007871.pub4,10.1002/14651858.cd007871.pub3,byte_match_to_audited_package
CD007872,10.1002/14651858.cd007872.pub4,10.1002/14651858.cd007872.pub3,citation_year_issue
CD007894,10.1002/14651858.cd007894.pub3,10.1002/14651858.cd007894.pub2,embedded_doi
CD007895,10.1002/14651858.cd007895.pub3,10.1002/14651858.cd007895,citation_year_issue
CD007896,10.1002/14651858.cd007896.pub4,10.1002/14651858.cd007896.pub2,citation_year_issue
CD007899,10.1002/14651858.cd007899.pub3,10.1002/14651858.cd007899.pub2,citation_year_issue
CD007911,10.1002/14651858.cd007911.pub4,10.1002/14651858.cd007911.pub2,citation_year_issue
CD007961,10.1002/14651858.cd007961.pub3,10.1002/14651858.cd007961.pub2,embedded_doi
CD007968,10.1002/14651858.cd007968.pub3,10.1002/14651858.cd007968.pub2,citation_year_issue
CD008012,10.1002/14651858.cd008012.pub4,10.1002/14651858.cd008012.pub3,embedded_doi
CD008037,10.1002/14651858.cd008037.pub4,10.1002/14651858.cd008037.pub5,embedded_doi
CD008063,10.1002/14651858.cd008063.pub3,10.1002/14651858.cd008063.pub2,citation_year_issue
CD008077,10.1002/14651858.cd008077.pub6,10.1002/14651858.cd008077.pub5,embedded_doi
CD008084,10.1002/14651858.cd008084.pub5,10.1002/14651858.cd008084.pub4,embedded_doi
CD008112,10.1002/14651858.cd008112.pub3,10.1002/14651858.cd008112.pub2,byte_match_to_audited_package
CD008145,10.1002/14651858.cd008145.pub4,10.1002/14651858.cd008145.pub3,citation_year_issue
CD008153,10.1002/14651858.cd008153.pub4,10.1002/14651858.cd008153.pub3,citation_year_issue
CD008161,10.1002/14651858.cd008161.pub3,10.1002/14651858.cd008161.pub2,citation_year_issue
CD008165,10.1002/14651858.cd008165.pub5,10.1002/14651858.cd008165.pub4,citation_year_issue
CD008176,10.1002/14651858.cd008176.pub3,10.1002/14651858.cd008176.pub2,citation_year_issue
CD008189,10.1002/14651858.cd008189.pub3,10.1002/14651858.cd008189.pub2,embedded_doi
CD008205,10.1002/14651858.cd008205.pub3,10.1002/14651858.cd008205.pub2,citation_year_issue
CD008214,10.1002/14651858.cd008214.pub4,10.1002/14651858.cd008214.pub3,citation_year_issue
CD008228,10.1002/14651858.cd008228.pub3,10.1002/14651858.cd008228.pub2,citation_year_issue
CD008237,10.1002/14651858.cd008237.pub4,10.1002/14651858.cd008237.pub3,citation_year_issue
CD008295,10.1002/14651858.cd008295.pub6,10.1002/14651858.cd008295.pub4,citation_year_issue
CD008309,10.1002/14651858.cd008309.pub3,10.1002/14651858.cd008309.pub2,citation_year_issue
CD008312,10.1002/14651858.cd008312.pub4,10.1002/14651858.cd008312.pub3,citation_year_issue
CD008349,10.1002/14651858.cd008349.pub5,10.1002/14651858.cd008349.pub4,citation_year_issue
CD008350,10.1002/14651858.cd008350.pub3,10.1002/14651858.cd008350.pub2,embedded_doi
CD008359,10.1002/14651858.cd008359.pub3,10.1002/14651858.cd008359.pub2,byte_match_to_audited_package
CD008360,10.1002/14651858.cd008360.pub5,10.1002/14651858.cd008360.pub4,citation_year_issue
CD008428,10.1002/14651858.cd008428.pub3,10.1002/14651858.cd008428.pub2,citation_year_issue
CD008461,10.1002/14651858.cd008461.pub4,10.1002/14651858.cd008461.pub3,citation_year_issue
CD008469,10.1002/14651858.cd008469.pub3,10.1002/14651858.cd008469.pub2,citation_year_issue
CD008493,10.1002/14651858.cd008493.pub5,10.1002/14651858.cd008493.pub4,citation_year_issue
CD008496,10.1002/14651858.cd008496.pub3,10.1002/14651858.cd008496.pub2,embedded_doi
CD008521,10.1002/14651858.cd008521.pub6,10.1002/14651858.cd008521.pub5,embedded_doi
CD008550,10.1002/14651858.cd008550.pub3,10.1002/14651858.cd008550.pub2,citation_year_issue
CD008552,10.1002/14651858.cd008552.pub8,10.1002/14651858.cd008552.pub7,embedded_doi
CD008564,10.1002/14651858.cd008564.pub3,10.1002/14651858.cd008564,citation_year_issue
CD008565,10.1002/14651858.cd008565.pub3,10.1002/14651858.cd008565.pub2,citation_year_issue
CD008576,10.1002/14651858.cd008576.pub5,10.1002/14651858.cd008576.pub4,citation_year_issue
CD008583,10.1002/14651858.cd008583.pub3,10.1002/14651858.cd008583.pub2,embedded_doi
CD008591,10.1002/14651858.cd008591.pub3,10.1002/14651858.cd008591.pub2,embedded_doi
CD008605,10.1002/14651858.cd008605.pub4,10.1002/14651858.cd008605.pub3,embedded_doi
CD008626,10.1002/14651858.cd008626.pub4,10.1002/14651858.cd008626.pub3,citation_year_issue
CD008628,10.1002/14651858.cd008628.pub3,10.1002/14651858.cd008628.pub2,citation_year_issue
CD008634,10.1002/14651858.cd008634.pub3,10.1002/14651858.cd008634.pub2,citation_year_issue
CD008635,10.1002/14651858.cd008635.pub3,10.1002/14651858.cd008635.pub2,byte_match_to_audited_package
CD008688,10.1002/14651858.cd008688.pub3,10.1002/14651858.cd008688.pub2,citation_year_issue
CD008708,10.1002/14651858.cd008708.pub5,10.1002/14651858.cd008708.pub4,citation_year_issue
CD008709,10.1002/14651858.cd008709.pub4,10.1002/14651858.cd008709.pub3,citation_year_issue
CD008717,10.1002/14651858.cd008717.pub3,10.1002/14651858.cd008717.pub2,citation_year_issue
CD008726,10.1002/14651858.cd008726.pub3,10.1002/14651858.cd008726.pub2,embedded_doi
CD008757,10.1002/14651858.cd008757.pub3,10.1002/14651858.cd008757.pub2,citation_year_issue
CD008771,10.1002/14651858.cd008771.pub3,10.1002/14651858.cd008771.pub2,citation_year_issue
CD008819,10.1002/14651858.cd008819.pub4,10.1002/14651858.cd008819.pub3,citation_year_issue
CD008841,10.1002/14651858.cd008841.pub3,10.1002/14651858.cd008841.pub2,embedded_doi
CD008846,10.1002/14651858.cd008846.pub3,10.1002/14651858.cd008846.pub2,embedded_doi
CD008858,10.1002/14651858.cd008858.pub5,10.1002/14651858.cd008858.pub4,citation_year_issue
CD008873,10.1002/14651858.cd008873.pub5,10.1002/14651858.cd008873.pub4,citation_year_issue
CD008879,10.1002/14651858.cd008879.pub3,10.1002/14651858.cd008879.pub2,citation_year_issue
CD008901,10.1002/14651858.cd008901.pub5,10.1002/14651858.cd008901.pub4,embedded_doi
CD008907,10.1002/14651858.cd008907.pub4,10.1002/14651858.cd008907.pub3,embedded_doi
CD008940,10.1002/14651858.cd008940.pub4,10.1002/14651858.cd008940.pub3,citation_year_issue
CD008973,10.1002/14651858.cd008973.pub3,10.1002/14651858.cd008973.pub2,citation_year_issue
CD008995,10.1002/14651858.cd008995.pub3,10.1002/14651858.cd008995.pub2,citation_year_issue
CD009022,10.1002/14651858.cd009022.pub4,10.1002/14651858.cd009022.pub2,citation_year_issue
CD009027,10.1002/14651858.cd009027.pub4,10.1002/14651858.cd009027.pub3,embedded_doi
CD009046,10.1002/14651858.cd009046.pub3,10.1002/14651858.cd009046.pub2,byte_match_to_audited_package
CD009058,10.1002/14651858.cd009058.pub3,10.1002/14651858.cd009058.pub2,citation_year_issue
CD009070,10.1002/14651858.cd009070.pub2,10.1002/14651858.cd009070,citation_year_issue
CD009098,10.1002/14651858.cd009098.pub3,10.1002/14651858.cd009098.pub2,embedded_doi
CD009102,10.1002/14651858.cd009102.pub2,10.1002/14651858.cd009102,citation_year_issue
CD009106,10.1002/14651858.cd009106.pub3,10.1002/14651858.cd009106.pub2,byte_match_to_audited_package
CD009149,10.1002/14651858.cd009149.pub3,10.1002/14651858.cd009149.pub2,embedded_doi
CD009159,10.1002/14651858.cd009159.pub3,10.1002/14651858.cd009159.pub2,citation_year_issue
CD009191,10.1002/14651858.cd009191.pub4,10.1002/14651858.cd009191.pub3,embedded_doi
CD009226,10.1002/14651858.cd009226.pub3,10.1002/14651858.cd009226.pub2,citation_year_issue
CD009233,10.1002/14651858.cd009233.pub3,10.1002/14651858.cd009233.pub2,citation_year_issue
CD009235,10.1002/14651858.cd009235.pub4,10.1002/14651858.cd009235.pub3,citation_year_issue
CD009244,10.1002/14651858.cd009244.pub3,10.1002/14651858.cd009244.pub2,citation_year_issue
CD009245,10.1002/14651858.cd009245.pub3,10.1002/14651858.cd009245.pub2,citation_year_issue
CD009249,10.1002/14651858.cd009249.pub5,10.1002/14651858.cd009249.pub4,citation_year_issue
CD009252,10.1002/14651858.cd009252.pub2,10.1002/14651858.cd009252,citation_year_issue
CD009273,10.1002/14651858.cd009273.pub3,10.1002/14651858.cd009273.pub2,byte_match_to_audited_package
CD009280,10.1002/14651858.cd009280.pub3,10.1002/14651858.cd009280.pub2,citation_year_issue
CD009286,10.1002/14651858.cd009286.pub4,10.1002/14651858.cd009286.pub3,embedded_doi
CD009289,10.1002/14651858.cd009289.pub2,10.1002/14651858.cd009289,embedded_doi
CD009294,10.1002/14651858.cd009294.pub3,10.1002/14651858.cd009294.pub2,embedded_doi
CD009298,10.1002/14651858.cd009298.pub3,10.1002/14651858.cd009298.pub2,citation_year_issue
CD009300,10.1002/14651858.cd009300.pub3,10.1002/14651858.cd009300.pub2,citation_year_issue
CD009325,10.1002/14651858.cd009325.pub3,10.1002/14651858.cd009325.pub2,byte_match_to_audited_package
CD009326,10.1002/14651858.cd009326.pub4,10.1002/14651858.cd009326.pub3,embedded_doi
CD009362,10.1002/14651858.cd009362.pub4,10.1002/14651858.cd009362.pub3,citation_year_issue
CD009365,10.1002/14651858.cd009365.pub2,10.1002/14651858.cd009365,citation_year_issue
CD009380,10.1002/14651858.cd009380.pub3,10.1002/14651858.cd009380.pub2,embedded_doi
CD009407,10.1002/14651858.cd009407.pub3,10.1002/14651858.cd009407.pub2,citation_year_issue
CD009409,10.1002/14651858.cd009409.pub2,10.1002/14651858.cd009409,embedded_doi
CD009417,10.1002/14651858.cd009417.pub3,10.1002/14651858.cd009417.pub2,citation_year_issue
CD009434,10.1002/14651858.cd009434.pub2,10.1002/14651858.cd009434,embedded_doi
CD009437,10.1002/14651858.cd009437.pub3,10.1002/14651858.cd009437.pub2,embedded_doi
CD009438,10.1002/14651858.cd009438.pub2,10.1002/14651858.cd009438,citation_year_issue
CD009494,10.1002/14651858.cd009494.pub3,10.1002/14651858.cd009494.pub2,citation_year_issue
CD009508,10.1002/14651858.cd009508.pub2,10.1002/14651858.cd009508,citation_year_issue
CD009517,10.1002/14651858.cd009517.pub4,10.1002/14651858.cd009517.pub3,embedded_doi
CD009517,10.1002/14651858.cd009517.pub5,10.1002/14651858.cd009517.pub3,embedded_doi
CD009529,10.1002/14651858.cd009529.pub4,10.1002/14651858.cd009529.pub3,citation_year_issue
CD009530,10.1002/14651858.cd009530.pub5,10.1002/14651858.cd009530.pub4,citation_year_issue
CD009531,10.1002/14651858.cd009531.pub3,10.1002/14651858.cd009531.pub2,citation_year_issue
CD009532,10.1002/14651858.cd009532.pub3,10.1002/14651858.cd009532.pub2,byte_match_to_audited_package
CD009535,10.1002/14651858.cd009535.pub3,10.1002/14651858.cd009535.pub2,citation_year_issue
CD009561,10.1002/14651858.cd009561.pub3,10.1002/14651858.cd009561.pub2,citation_year_issue
CD009595,10.1002/14651858.cd009595.pub3,10.1002/14651858.cd009595.pub2,embedded_doi
CD009604,10.1002/14651858.cd009604.pub2,10.1002/14651858.cd009604,citation_year_issue
CD009609,10.1002/14651858.cd009609.pub3,10.1002/14651858.cd009609.pub2,citation_year_issue
CD009621,10.1002/14651858.cd009621.pub5,10.1002/14651858.cd009621.pub4,citation_year_issue
CD009648,10.1002/14651858.cd009648.pub4,10.1002/14651858.cd009648.pub3,embedded_doi
CD009651,10.1002/14651858.cd009651.pub3,10.1002/14651858.cd009651.pub2,embedded_doi
CD009672,10.1002/14651858.cd009672.pub3,10.1002/14651858.cd009672.pub2,citation_year_issue
CD009679,10.1002/14651858.cd009679.pub3,10.1002/14651858.cd009679.pub2,citation_year_issue
CD009688,10.1002/14651858.cd009688.pub3,10.1002/14651858.cd009688.pub2,citation_year_issue
CD009692,10.1002/14651858.cd009692.pub2,10.1002/14651858.cd009692,citation_year_issue
CD009719,10.1002/14651858.cd009719.pub3,10.1002/14651858.cd009719.pub2,citation_year_issue
CD009720,10.1002/14651858.cd009720.pub3,10.1002/14651858.cd009720.pub2,citation_year_issue
CD009730,10.1002/14651858.cd009730.pub3,10.1002/14651858.cd009730.pub2,citation_year_issue
CD009733,10.1002/14651858.cd009733.pub4,10.1002/14651858.cd009733.pub3,byte_match_to_audited_package
CD009749,10.1002/14651858.cd009749.pub3,10.1002/14651858.cd009749.pub2,citation_year_issue
CD009752,10.1002/14651858.cd009752.pub3,10.1002/14651858.cd009752.pub2,citation_year_issue
CD009759,10.1002/14651858.cd009759.pub4,10.1002/14651858.cd009759.pub3,citation_year_issue
CD009788,10.1002/14651858.cd009788.pub3,10.1002/14651858.cd009788,citation_year_issue
CD009806,10.1002/14651858.cd009806.pub3,10.1002/14651858.cd009806.pub2,embedded_doi
CD009824,10.1002/14651858.cd009824.pub4,10.1002/14651858.cd009824.pub3,citation_year_issue
CD009858,10.1002/14651858.cd009858.pub3,10.1002/14651858.cd009858.pub2,embedded_doi
CD009876,10.1002/14651858.cd009876.pub4,10.1002/14651858.cd009876.pub3,citation_year_issue
CD009880,10.1002/14651858.cd009880.pub3,10.1002/14651858.cd009880.pub2,citation_year_issue
CD009885,10.1002/14651858.cd009885.pub4,10.1002/14651858.cd009885.pub3,embedded_doi
CD009898,10.1002/14651858.cd009898.pub4,10.1002/14651858.cd009898.pub3,citation_year_issue
CD009945,10.1002/14651858.cd009945.pub3,10.1002/14651858.cd009945.pub2,citation_year_issue
CD009951,10.1002/14651858.cd009951.pub3,10.1002/14651858.cd009951.pub2,embedded_doi
CD009958,10.1002/14651858.cd009958.pub4,10.1002/14651858.cd009958.pub3,embedded_doi
CD009969,10.1002/14651858.cd009969.pub2,10.1002/14651858.cd009969,embedded_doi
CD009975,10.1002/14651858.cd009975.pub4,10.1002/14651858.cd009975.pub3,citation_year_issue
CD009985,10.1002/14651858.cd009985.pub2,10.1002/14651858.cd009985,embedded_doi
CD010001,10.1002/14651858.cd010001.pub4,10.1002/14651858.cd010001.pub3,citation_year_issue
CD010004,10.1002/14651858.cd010004.pub5,10.1002/14651858.cd010004.pub4,citation_year_issue
CD010008,10.1002/14651858.cd010008.pub5,10.1002/14651858.cd010008.pub4,embedded_doi
CD010037,10.1002/14651858.cd010037.pub4,10.1002/14651858.cd010037.pub3,embedded_doi
CD010062,10.1002/14651858.cd010062.pub3,10.1002/14651858.cd010062.pub2,embedded_doi
CD010070,10.1002/14651858.cd010070.pub3,10.1002/14651858.cd010070.pub2,embedded_doi
CD010117,10.1002/14651858.cd010117.pub2,10.1002/14651858.cd010117,embedded_doi
CD010120,10.1002/14651858.cd010120.pub3,10.1002/14651858.cd010120.pub2,embedded_doi
CD010136,10.1002/14651858.cd010136.pub4,10.1002/14651858.cd010136.pub3,citation_year_issue
CD010145,10.1002/14651858.cd010145.pub2,10.1002/14651858.cd010145,citation_year_issue
CD010163,10.1002/14651858.cd010163.pub3,10.1002/14651858.cd010163.pub2,citation_year_issue
CD010168,10.1002/14651858.cd010168.pub5,10.1002/14651858.cd010168.pub3,embedded_doi
CD010172,10.1002/14651858.cd010172.pub3,10.1002/14651858.cd010172.pub2,embedded_doi
CD010176,10.1002/14651858.cd010176.pub3,10.1002/14651858.cd010176.pub2,embedded_doi
CD010189,10.1002/14651858.cd010189.pub3,10.1002/14651858.cd010189.pub2,citation_year_issue
CD010216,10.1002/14651858.cd010216.pub10,10.1002/14651858.cd010216.pub7,embedded_doi
CD010221,10.1002/14651858.cd010221.pub3,10.1002/14651858.cd010221.pub2,citation_year_issue
CD010222,10.1002/14651858.cd010222.pub4,10.1002/14651858.cd010222.pub3,citation_year_issue
CD010224,10.1002/14651858.cd010224.pub3,10.1002/14651858.cd010224.pub2,citation_year_issue
CD010288,10.1002/14651858.cd010288.pub5,10.1002/14651858.cd010288.pub4,citation_year_issue
CD010290,10.1002/14651858.cd010290.pub4,10.1002/14651858.cd010290.pub3,citation_year_issue
CD010294,10.1002/14651858.cd010294.pub3,10.1002/14651858.cd010294.pub2,citation_year_issue
CD010333,10.1002/14651858.cd010333.pub4,10.1002/14651858.cd010333.pub3,citation_year_issue
CD010373,10.1002/14651858.cd010373.pub3,10.1002/14651858.cd010373.pub2,embedded_doi
CD010381,10.1002/14651858.cd010381.pub3,10.1002/14651858.cd010381.pub2,citation_year_issue
CD010383,10.1002/14651858.cd010383.pub3,10.1002/14651858.cd010383.pub2,embedded_doi
CD010412,10.1002/14651858.cd010412.pub2,10.1002/14651858.cd010412,citation_year_issue
CD010429,10.1002/14651858.cd010429.pub3,10.1002/14651858.cd010429.pub2,citation_year_issue
CD010441,10.1002/14651858.cd010441.pub3,10.1002/14651858.cd010441.pub2,citation_year_issue
CD010461,10.1002/14651858.cd010461.pub4,10.1002/14651858.cd010461.pub3,byte_match_to_audited_package
CD010469,10.1002/14651858.cd010469.pub4,10.1002/14651858.cd010469.pub3,embedded_doi
CD010533,10.1002/14651858.cd010533.pub3,10.1002/14651858.cd010533.pub2,citation_year_issue
CD010546,10.1002/14651858.cd010546.pub2,10.1002/14651858.cd010546,citation_year_issue
CD010578,10.1002/14651858.cd010578.pub2,10.1002/14651858.cd010578,citation_year_issue
CD010583,10.1002/14651858.cd010583.pub6,10.1002/14651858.cd010583.pub4,embedded_doi
CD010618,10.1002/14651858.cd010618.pub2,10.1002/14651858.cd010618,embedded_doi
CD010622,10.1002/14651858.cd010622.pub2,10.1002/14651858.cd010622,embedded_doi
CD010637,10.1002/14651858.cd010637.pub3,10.1002/14651858.cd010637.pub2,citation_year_issue
CD010639,10.1002/14651858.cd010639.pub2,10.1002/14651858.cd010639,citation_year_issue
CD010668,10.1002/14651858.cd010668.pub2,10.1002/14651858.cd010668,embedded_doi
CD010682,10.1002/14651858.cd010682.pub3,10.1002/14651858.cd010682.pub2,embedded_doi
CD010686,10.1002/14651858.cd010686.pub2,10.1002/14651858.cd010686,citation_year_issue
CD010735,10.1002/14651858.cd010735.pub3,10.1002/14651858.cd010735.pub2,citation_year_issue
CD010779,10.1002/14651858.cd010779.pub2,10.1002/14651858.cd010779,citation_year_issue
CD010790,10.1002/14651858.cd010790.pub3,10.1002/14651858.cd010790.pub2,citation_year_issue
CD010804,10.1002/14651858.cd010804.pub3,10.1002/14651858.cd010804.pub2,embedded_doi
CD010810,10.1002/14651858.cd010810.pub4,10.1002/14651858.cd010810.pub3,citation_year_issue
CD010822,10.1002/14651858.cd010822.pub4,10.1002/14651858.cd010822.pub3,citation_year_issue
CD010829,10.1002/14651858.cd010829.pub2,10.1002/14651858.cd010829,embedded_doi
CD010837,10.1002/14651858.cd010837.pub5,10.1002/14651858.cd010837.pub4,embedded_doi
CD010849,10.1002/14651858.cd010849.pub4,10.1002/14651858.cd010849.pub3,citation_year_issue
CD010856,10.1002/14651858.cd010856.pub3,10.1002/14651858.cd010856.pub2,citation_year_issue
CD010858,10.1002/14651858.cd010858.pub3,10.1002/14651858.cd010858.pub4,embedded_doi
CD010861,10.1002/14651858.cd010861.pub3,10.1002/14651858.cd010861.pub2,citation_year_issue
CD010872,10.1002/14651858.cd010872.pub2,10.1002/14651858.cd010872,citation_year_issue
CD010876,10.1002/14651858.cd010876.pub3,10.1002/14651858.cd010876.pub2,embedded_doi
CD010887,10.1002/14651858.cd010887.pub3,10.1002/14651858.cd010887.pub2,citation_year_issue
CD010919,10.1002/14651858.cd010919.pub2,10.1002/14651858.cd010919,citation_year_issue
CD010951,10.1002/14651858.cd010951.pub2,10.1002/14651858.cd010951,embedded_doi
CD010985,10.1002/14651858.cd010985.pub4,10.1002/14651858.cd010985.pub3,citation_year_issue
CD010995,10.1002/14651858.cd010995.pub3,10.1002/14651858.cd010995.pub2,embedded_doi
CD011000,10.1002/14651858.cd011000.pub3,10.1002/14651858.cd011000.pub2,citation_year_issue
CD011010,10.1002/14651858.cd011010.pub2,10.1002/14651858.cd011010,citation_year_issue
CD011022,10.1002/14651858.cd011022.pub3,10.1002/14651858.cd011022.pub2,citation_year_issue
CD011025,10.1002/14651858.cd011025.pub3,10.1002/14651858.cd011025.pub2,citation_year_issue
CD011039,10.1002/14651858.cd011039.pub2,10.1002/14651858.cd011039,citation_year_issue
CD011044,10.1002/14651858.cd011044.pub3,10.1002/14651858.cd011044.pub2,citation_year_issue
CD011059,10.1002/14651858.cd011059.pub4,10.1002/14651858.cd011059.pub3,citation_year_issue
CD011060,10.1002/14651858.cd011060.pub2,10.1002/14651858.cd011060,citation_year_issue
CD011073,10.1002/14651858.cd011073.pub2,10.1002/14651858.cd011073,citation_year_issue
CD011077,10.1002/14651858.cd011077.pub2,10.1002/14651858.cd011077,citation_year_issue
CD011108,10.1002/14651858.cd011108.pub3,10.1002/14651858.cd011108.pub2,embedded_doi
CD011120,10.1002/14651858.cd011120.pub3,10.1002/14651858.cd011120.pub2,citation_year_issue
CD011150,10.1002/14651858.cd011150.pub2,10.1002/14651858.cd011150,citation_year_issue
CD011156,10.1002/14651858.cd011156.pub2,10.1002/14651858.cd011156,citation_year_issue
CD011159,10.1002/14651858.cd011159.pub3,10.1002/14651858.cd011159.pub2,citation_year_issue
CD011169,10.1002/14651858.cd011169.pub2,10.1002/14651858.cd011169,embedded_doi
CD011192,10.1002/14651858.cd011192.pub4,10.1002/14651858.cd011192.pub3,citation_year_issue
CD011197,10.1002/14651858.cd011197.pub3,10.1002/14651858.cd011197.pub2,citation_year_issue
CD011199,10.1002/14651858.cd011199.pub3,10.1002/14651858.cd011199.pub2,citation_year_issue
CD011203,10.1002/14651858.cd011203.pub3,10.1002/14651858.cd011203.pub2,citation_year_issue
CD011204,10.1002/14651858.cd011204.pub3,10.1002/14651858.cd011204.pub2,citation_year_issue
CD011218,10.1002/14651858.cd011218.pub2,10.1002/14651858.cd011218,citation_year_issue
CD011231,10.1002/14651858.cd011231.pub2,10.1002/14651858.cd011231,citation_year_issue
CD011272,10.1002/14651858.cd011272.pub3,10.1002/14651858.cd011272.pub2,citation_year_issue
CD011276,10.1002/14651858.cd011276.pub3,10.1002/14651858.cd011276.pub2,byte_match_to_audited_package
CD011300,10.1002/14651858.cd011300.pub3,10.1002/14651858.cd011300.pub2,embedded_doi
CD011313,10.1002/14651858.cd011313.pub4,10.1002/14651858.cd011313.pub3,byte_match_to_audited_package
CD011326,10.1002/14651858.cd011326.pub2,10.1002/14651858.cd011326,citation_year_issue
CD011330,10.1002/14651858.cd011330.pub2,10.1002/14651858.cd011330,citation_year_issue
CD011334,10.1002/14651858.cd011334.pub3,10.1002/14651858.cd011334.pub2,citation_year_issue
CD011344,10.1002/14651858.cd011344.pub3,10.1002/14651858.cd011344.pub2,citation_year_issue
CD011345,10.1002/14651858.cd011345.pub3,10.1002/14651858.cd011345.pub2,citation_year_issue
CD011380,10.1002/14651858.cd011380.pub2,10.1002/14651858.cd011380,citation_year_issue
CD011381,10.1002/14651858.cd011381.pub3,10.1002/14651858.cd011381.pub2,citation_year_issue
CD011395,10.1002/14651858.cd011395.pub2,10.1002/14651858.cd011395,embedded_doi
CD011405,10.1002/14651858.cd011405.pub2,10.1002/14651858.cd011405,embedded_doi
CD011406,10.1002/14651858.cd011406.pub2,10.1002/14651858.cd011406,citation_year_issue
CD011412,10.1002/14651858.cd011412.pub4,10.1002/14651858.cd011412.pub3,citation_year_issue
CD011466,10.1002/14651858.cd011466.pub2,10.1002/14651858.cd011466,embedded_doi
CD011468,10.1002/14651858.cd011468.pub2,10.1002/14651858.cd011468,citation_year_issue
CD011478,10.1002/14651858.cd011478.pub2,10.1002/14651858.cd011478,citation_year_issue
CD011499,10.1002/14651858.cd011499.pub3,10.1002/14651858.cd011499.pub2,embedded_doi
CD011506,10.1002/14651858.cd011506.pub3,10.1002/14651858.cd011506.pub2,citation_year_issue
CD011512,10.1002/14651858.cd011512.pub2,10.1002/14651858.cd011512,citation_year_issue
CD011513,10.1002/14651858.cd011513.pub3,10.1002/14651858.cd011513.pub2,embedded_doi
CD011525,10.1002/14651858.cd011525.pub3,10.1002/14651858.cd011525.pub2,embedded_doi
CD011534,10.1002/14651858.cd011534.pub3,10.1002/14651858.cd011534.pub2,citation_year_issue
CD011535,10.1002/14651858.cd011535.pub7,10.1002/14651858.cd011535.pub5,embedded_doi
CD011538,10.1002/14651858.cd011538.pub2,10.1002/14651858.cd011538,citation_year_issue
CD011541,10.1002/14651858.cd011541.pub2,10.1002/14651858.cd011541,citation_year_issue
CD011550,10.1002/14651858.cd011550.pub2,10.1002/14651858.cd011550,citation_year_issue
CD011556,10.1002/14651858.cd011556.pub2,10.1002/14651858.cd011556,embedded_doi
CD011557,10.1002/14651858.cd011557.pub2,10.1002/14651858.cd011557,embedded_doi
CD011559,10.1002/14651858.cd011559.pub2,10.1002/14651858.cd011559,citation_year_issue
CD011563,10.1002/14651858.cd011563.pub2,10.1002/14651858.cd011563,embedded_doi
CD011570,10.1002/14651858.cd011570.pub2,10.1002/14651858.cd011570,citation_year_issue
CD011575,10.1002/14651858.cd011575.pub3,10.1002/14651858.cd011575.pub2,citation_year_issue
CD011581,10.1002/14651858.cd011581.pub3,10.1002/14651858.cd011581.pub2,citation_year_issue
CD011585,10.1002/14651858.cd011585.pub2,10.1002/14651858.cd011585,citation_year_issue
CD011589,10.1002/14651858.cd011589.pub2,10.1002/14651858.cd011589,embedded_doi
CD011600,10.1002/14651858.cd011600.pub3,10.1002/14651858.cd011600.pub2,citation_year_issue
CD011611,10.1002/14651858.cd011611.pub3,10.1002/14651858.cd011611.pub2,embedded_doi
CD011624,10.1002/14651858.cd011624.pub3,10.1002/14651858.cd011624.pub2,citation_year_issue
CD011626,10.1002/14651858.cd011626.pub3,10.1002/14651858.cd011626.pub2,citation_year_issue
CD011627,10.1002/14651858.cd011627.pub3,10.1002/14651858.cd011627.pub2,citation_year_issue
CD011633,10.1002/14651858.cd011633.pub3,10.1002/14651858.cd011633.pub2,citation_year_issue
CD011654,10.1002/14651858.cd011654.pub2,10.1002/14651858.cd011654,citation_year_issue
CD011659,10.1002/14651858.cd011659.pub2,10.1002/14651858.cd011659,citation_year_issue
CD011670,10.1002/14651858.cd011670.pub3,10.1002/14651858.cd011670.pub2,citation_year_issue
CD011671,10.1002/14651858.cd011671.pub3,10.1002/14651858.cd011671.pub2,citation_year_issue
CD011675,10.1002/14651858.cd011675.pub2,10.1002/14651858.cd011675,embedded_doi
CD011677,10.1002/14651858.cd011677.pub4,10.1002/14651858.cd011677.pub3,embedded_doi
CD011686,10.1002/14651858.cd011686.pub3,10.1002/14651858.cd011686.pub2,citation_year_issue
CD011689,10.1002/14651858.cd011689.pub4,10.1002/14651858.cd011689.pub3,citation_year_issue
CD011703,10.1002/14651858.cd011703.pub2,10.1002/14651858.cd011703,citation_year_issue
CD011710,10.1002/14651858.cd011710.pub3,10.1002/14651858.cd011710.pub2,embedded_doi
CD011723,10.1002/14651858.cd011723.pub2,10.1002/14651858.cd011723,embedded_doi
CD011725,10.1002/14651858.cd011725.pub2,10.1002/14651858.cd011725,citation_year_issue
CD011751,10.1002/14651858.cd011751.pub3,10.1002/14651858.cd011751.pub2,citation_year_issue
CD011762,10.1002/14651858.cd011762.pub2,10.1002/14651858.cd011762,citation_year_issue
CD011769,10.1002/14651858.cd011769.pub2,10.1002/14651858.cd011769,citation_year_issue
CD011778,10.1002/14651858.cd011778.pub2,10.1002/14651858.cd011778,citation_year_issue
CD011786,10.1002/14651858.cd011786.pub3,10.1002/14651858.cd011786.pub2,embedded_doi
CD011793,10.1002/14651858.cd011793.pub3,10.1002/14651858.cd011793.pub2,citation_year_issue
CD011800,10.1002/14651858.cd011800.pub2,10.1002/14651858.cd011800,citation_year_issue
CD011803,10.1002/14651858.cd011803.pub2,10.1002/14651858.cd011803,citation_year_issue
CD011806,10.1002/14651858.cd011806.pub2,10.1002/14651858.cd011806,citation_year_issue
CD011817,10.1002/14651858.cd011817.pub2,10.1002/14651858.cd011817,embedded_doi
CD011823,10.1002/14651858.cd011823.pub3,10.1002/14651858.cd011823.pub2,byte_match_to_audited_package
CD011841,10.1002/14651858.cd011841.pub3,10.1002/14651858.cd011841.pub2,citation_year_issue
CD011851,10.1002/14651858.cd011851.pub3,10.1002/14651858.cd011851.pub2,citation_year_issue
CD011855,10.1002/14651858.cd011855.pub3,10.1002/14651858.cd011855.pub2,citation_year_issue
CD011858,10.1002/14651858.cd011858.pub2,10.1002/14651858.cd011858,citation_year_issue
CD011862,10.1002/14651858.cd011862.pub3,10.1002/14651858.cd011862.pub2,embedded_doi
CD011866,10.1002/14651858.cd011866.pub3,10.1002/14651858.cd011866.pub2,citation_year_issue
CD011879,10.1002/14651858.cd011879.pub2,10.1002/14651858.cd011879,citation_year_issue
CD011882,10.1002/14651858.cd011882.pub3,10.1002/14651858.cd011882.pub2,citation_year_issue
CD011885,10.1002/14651858.cd011885.pub2,10.1002/14651858.cd011885,citation_year_issue
CD011907,10.1002/14651858.cd011907.pub3,10.1002/14651858.cd011907.pub2,citation_year_issue
CD011922,10.1002/14651858.cd011922.pub4,10.1002/14651858.cd011922.pub3,embedded_doi
CD011926,10.1002/14651858.cd011926.pub3,10.1002/14651858.cd011926.pub2,citation_year_issue
CD011942,10.1002/14651858.cd011942.pub2,10.1002/14651858.cd011942,citation_year_issue
CD011973,10.1002/14651858.cd011973.pub2,10.1002/14651858.cd011973,citation_year_issue
CD012032,10.1002/14651858.cd012032.pub3,10.1002/14651858.cd012032.pub2,citation_year_issue
CD012039,10.1002/14651858.cd012039.pub3,10.1002/14651858.cd012039.pub2,embedded_doi
CD012056,10.1002/14651858.cd012056.pub3,10.1002/14651858.cd012056.pub2,citation_year_issue
CD012060,10.1002/14651858.cd012060.pub2,10.1002/14651858.cd012060,embedded_doi
CD012064,10.1002/14651858.cd012064.pub2,10.1002/14651858.cd012064,citation_year_issue
CD012066,10.1002/14651858.cd012066.pub3,10.1002/14651858.cd012066.pub2,citation_year_issue
CD012067,10.1002/14651858.cd012067.pub3,10.1002/14651858.cd012067.pub2,citation_year_issue
CD012079,10.1002/14651858.cd012079.pub2,10.1002/14651858.cd012079,citation_year_issue
CD012083,10.1002/14651858.cd012083.pub3,10.1002/14651858.cd012083.pub2,citation_year_issue
CD012089,10.1002/14651858.cd012089.pub2,10.1002/14651858.cd012089,citation_year_issue
CD012152,10.1002/14651858.cd012152.pub4,10.1002/14651858.cd012152.pub2,embedded_doi
CD012155,10.1002/14651858.cd012155.pub3,10.1002/14651858.cd012155.pub2,citation_year_issue
CD012161,10.1002/14651858.cd012161.pub2,10.1002/14651858.cd012161,byte_match_to_audited_package
CD012170,10.1002/14651858.cd012170.pub2,10.1002/14651858.cd012170,citation_year_issue
CD012173,10.1002/14651858.cd012173.pub2,10.1002/14651858.cd012173,citation_year_issue
CD012177,10.1002/14651858.cd012177.pub2,10.1002/14651858.cd012177,citation_year_issue
CD012178,10.1002/14651858.cd012178.pub2,10.1002/14651858.cd012178,citation_year_issue
CD012182,10.1002/14651858.cd012182.pub3,10.1002/14651858.cd012182.pub2,embedded_doi
CD012186,10.1002/14651858.cd012186.pub2,10.1002/14651858.cd012186,citation_year_issue
CD012206,10.1002/14651858.cd012206.pub2,10.1002/14651858.cd012206,citation_year_issue
CD012214,10.1002/14651858.cd012214.pub3,10.1002/14651858.cd012214.pub2,citation_year_issue
CD012215,10.1002/14651858.cd012215.pub2,10.1002/14651858.cd012215,citation_year_issue
CD012218,10.1002/14651858.cd012218.pub2,10.1002/14651858.cd012218,citation_year_issue
CD012219,10.1002/14651858.cd012219.pub2,10.1002/14651858.cd012219,embedded_doi
CD012240,10.1002/14651858.cd012240.pub2,10.1002/14651858.cd012240,citation_year_issue
CD012246,10.1002/14651858.cd012246.pub2,10.1002/14651858.cd012246,citation_year_issue
CD012247,10.1002/14651858.cd012247.pub3,10.1002/14651858.cd012247.pub2,byte_match_to_audited_package
CD012250,10.1002/14651858.cd012250.pub2,10.1002/14651858.cd012250,embedded_doi
CD012253,10.1002/14651858.cd012253.pub3,10.1002/14651858.cd012253.pub2,citation_year_issue
CD012265,10.1002/14651858.cd012265.pub2,10.1002/14651858.cd012265,citation_year_issue
CD012268,10.1002/14651858.cd012268.pub2,10.1002/14651858.cd012268,citation_year_issue
CD012269,10.1002/14651858.cd012269.pub2,10.1002/14651858.cd012269,citation_year_issue
CD012272,10.1002/14651858.cd012272.pub3,10.1002/14651858.cd012272.pub2,citation_year_issue
CD012273,10.1002/14651858.cd012273.pub2,10.1002/14651858.cd012273,citation_year_issue
CD012307,10.1002/14651858.cd012307.pub2,10.1002/14651858.cd012307,citation_year_issue
CD012322,10.1002/14651858.cd012322.pub2,10.1002/14651858.cd012322,embedded_doi
CD012324,10.1002/14651858.cd012324.pub2,10.1002/14651858.cd012324,citation_year_issue
CD012325,10.1002/14651858.cd012325.pub2,10.1002/14651858.cd012325,embedded_doi
CD012335,10.1002/14651858.cd012335.pub2,10.1002/14651858.cd012335,citation_year_issue
CD012352,10.1002/14651858.cd012352.pub2,10.1002/14651858.cd012352,citation_year_issue
CD012358,10.1002/14651858.cd012358.pub2,10.1002/14651858.cd012358,citation_year_issue
CD012361,10.1002/14651858.cd012361.pub2,10.1002/14651858.cd012361,citation_year_issue
CD012363,10.1002/14651858.cd012363.pub2,10.1002/14651858.cd012363,citation_year_issue
CD012376,10.1002/14651858.cd012376.pub2,10.1002/14651858.cd012376,citation_year_issue
CD012380,10.1002/14651858.cd012380.pub3,10.1002/14651858.cd012380.pub2,citation_year_issue
CD012397,10.1002/14651858.cd012397.pub2,10.1002/14651858.cd012397,citation_year_issue
CD012398,10.1002/14651858.cd012398.pub2,10.1002/14651858.cd012398,citation_year_issue
CD012413,10.1002/14651858.cd012413.pub3,10.1002/14651858.cd012413.pub2,embedded_doi
CD012415,10.1002/14651858.cd012415.pub2,10.1002/14651858.cd012415,citation_year_issue
CD012423,10.1002/14651858.cd012423.pub2,10.1002/14651858.cd012423,citation_year_issue
CD012426,10.1002/14651858.cd012426.pub2,10.1002/14651858.cd012426,citation_year_issue
CD012429,10.1002/14651858.cd012429.pub2,10.1002/14651858.cd012429,citation_year_issue
CD012445,10.1002/14651858.cd012445.pub2,10.1002/14651858.cd012445,citation_year_issue
CD012458,10.1002/14651858.cd012458.pub2,10.1002/14651858.cd012458,citation_year_issue
CD012493,10.1002/14651858.cd012493.pub2,10.1002/14651858.cd012493,embedded_doi
CD012500,10.1002/14651858.cd012500.pub2,10.1002/14651858.cd012500,citation_year_issue
CD012503,10.1002/14651858.cd012503.pub3,10.1002/14651858.cd012503.pub2,citation_year_issue
CD012516,10.1002/14651858.cd012516.pub2,10.1002/14651858.cd012516,embedded_doi
CD012520,10.1002/14651858.cd012520.pub2,10.1002/14651858.cd012520,citation_year_issue
CD012521,10.1002/14651858.cd012521.pub2,10.1002/14651858.cd012521,citation_year_issue
CD012532,10.1002/14651858.cd012532.pub2,10.1002/14651858.cd012532,citation_year_issue
CD012556,10.1002/14651858.cd012556.pub2,10.1002/14651858.cd012556,citation_year_issue
CD012565,10.1002/14651858.cd012565.pub2,10.1002/14651858.cd012565,embedded_doi
CD012570,10.1002/14651858.cd012570.pub2,10.1002/14651858.cd012570,citation_year_issue
CD012572,10.1002/14651858.cd012572.pub3,10.1002/14651858.cd012572.pub2,embedded_doi
CD012573,10.1002/14651858.cd012573.pub3,10.1002/14651858.cd012573,citation_year_issue
CD012577,10.1002/14651858.cd012577.pub2,10.1002/14651858.cd012577,citation_year_issue
CD012578,10.1002/14651858.cd012578.pub2,10.1002/14651858.cd012578,citation_year_issue
CD012582,10.1002/14651858.cd012582.pub2,10.1002/14651858.cd012582,citation_year_issue
CD012586,10.1002/14651858.cd012586.pub2,10.1002/14651858.cd012586,citation_year_issue
CD012594,10.1002/14651858.cd012594.pub2,10.1002/14651858.cd012594,citation_year_issue
CD012602,10.1002/14651858.cd012602.pub2,10.1002/14651858.cd012602,embedded_doi
CD012607,10.1002/14651858.cd012607.pub2,10.1002/14651858.cd012607,citation_year_issue
CD012608,10.1002/14651858.cd012608.pub3,10.1002/14651858.cd012608,citation_year_issue
CD012609,10.1002/14651858.cd012609.pub2,10.1002/14651858.cd012609,citation_year_issue
CD012612,10.1002/14651858.cd012612.pub2,10.1002/14651858.cd012612,embedded_doi
CD012619,10.1002/14651858.cd012619.pub3,10.1002/14651858.cd012619.pub2,embedded_doi
CD012622,10.1002/14651858.cd012622.pub2,10.1002/14651858.cd012622,citation_year_issue
CD012623,10.1002/14651858.cd012623.pub2,10.1002/14651858.cd012623,citation_year_issue
CD012631,10.1002/14651858.cd012631.pub3,10.1002/14651858.cd012631.pub2,citation_year_issue
CD012633,10.1002/14651858.cd012633.pub2,10.1002/14651858.cd012633,citation_year_issue
CD012635,10.1002/14651858.cd012635.pub2,10.1002/14651858.cd012635,citation_year_issue
CD012642,10.1002/14651858.cd012642.pub2,10.1002/14651858.cd012642,citation_year_issue
CD012646,10.1002/14651858.cd012646.pub2,10.1002/14651858.cd012646,citation_year_issue
CD012649,10.1002/14651858.cd012649.pub2,10.1002/14651858.cd012649,citation_year_issue
CD012654,10.1002/14651858.cd012654.pub2,10.1002/14651858.cd012654,embedded_doi
CD012660,10.1002/14651858.cd012660.pub2,10.1002/14651858.cd012660,citation_year_issue
CD012671,10.1002/14651858.cd012671.pub2,10.1002/14651858.cd012671,embedded_doi
CD012681,10.1002/14651858.cd012681.pub2,10.1002/14651858.cd012681,citation_year_issue
CD012688,10.1002/14651858.cd012688.pub3,10.1002/14651858.cd012688.pub2,embedded_doi
CD012693,10.1002/14651858.cd012693.pub3,10.1002/14651858.cd012693.pub2,citation_year_issue
CD012697,10.1002/14651858.cd012697.pub2,10.1002/14651858.cd012697,citation_year_issue
CD012706,10.1002/14651858.cd012706.pub2,10.1002/14651858.cd012706,citation_year_issue
CD012707,10.1002/14651858.cd012707.pub2,10.1002/14651858.cd012707,citation_year_issue
CD012712,10.1002/14651858.cd012712.pub2,10.1002/14651858.cd012712,citation_year_issue
CD012714,10.1002/14651858.cd012714.pub2,10.1002/14651858.cd012714,embedded_doi
CD012718,10.1002/14651858.cd012718.pub2,10.1002/14651858.cd012718,citation_year_issue
CD012720,10.1002/14651858.cd012720.pub2,10.1002/14651858.cd012720,embedded_doi
CD012723,10.1002/14651858.cd012723.pub2,10.1002/14651858.cd012723,embedded_doi
CD012729,10.1002/14651858.cd012729.pub3,10.1002/14651858.cd012729,citation_year_issue
CD012741,10.1002/14651858.cd012741.pub2,10.1002/14651858.cd012741,citation_year_issue
CD012742,10.1002/14651858.cd012742.pub2,10.1002/14651858.cd012742,citation_year_issue
CD012746,10.1002/14651858.cd012746.pub2,10.1002/14651858.cd012746,citation_year_issue
CD012749,10.1002/14651858.cd012749.pub2,10.1002/14651858.cd012749,citation_year_issue
CD012756,10.1002/14651858.cd012756.pub2,10.1002/14651858.cd012756,embedded_doi
CD012757,10.1002/14651858.cd012757.pub2,10.1002/14651858.cd012757,citation_year_issue
CD012762,10.1002/14651858.cd012762.pub2,10.1002/14651858.cd012762,citation_year_issue
CD012764,10.1002/14651858.cd012764.pub2,10.1002/14651858.cd012764,citation_year_issue
CD012775,10.1002/14651858.cd012775.pub2,10.1002/14651858.cd012775,citation_year_issue
CD012778,10.1002/14651858.cd012778.pub2,10.1002/14651858.cd012778,embedded_doi
CD012784,10.1002/14651858.cd012784.pub2,10.1002/14651858.cd012784,embedded_doi
CD012789,10.1002/14651858.cd012789.pub2,10.1002/14651858.cd012789,embedded_doi
CD012798,10.1002/14651858.cd012798.pub3,10.1002/14651858.cd012798,citation_year_issue
CD012799,10.1002/14651858.cd012799.pub2,10.1002/14651858.cd012799,embedded_doi
CD012802,10.1002/14651858.cd012802.pub2,10.1002/14651858.cd012802,embedded_doi
CD012807,10.1002/14651858.cd012807.pub2,10.1002/14651858.cd012807,citation_year_issue
CD012812,10.1002/14651858.cd012812.pub2,10.1002/14651858.cd012812,citation_year_issue
CD012814,10.1002/14651858.cd012814.pub2,10.1002/14651858.cd012814,embedded_doi
CD012820,10.1002/14651858.cd012820.pub2,10.1002/14651858.cd012820,embedded_doi
CD012823,10.1002/14651858.cd012823.pub2,10.1002/14651858.cd012823,embedded_doi
CD012825,10.1002/14651858.cd012825.pub2,10.1002/14651858.cd012825,citation_year_issue
CD012830,10.1002/14651858.cd012830.pub2,10.1002/14651858.cd012830,embedded_doi
CD012834,10.1002/14651858.cd012834.pub2,10.1002/14651858.cd012834,citation_year_issue
CD012836,10.1002/14651858.cd012836.pub2,10.1002/14651858.cd012836,citation_year_issue
CD012845,10.1002/14651858.cd012845.pub2,10.1002/14651858.cd012845,citation_year_issue
CD012850,10.1002/14651858.cd012850.pub2,10.1002/14651858.cd012850,citation_year_issue
CD012862,10.1002/14651858.cd012862.pub2,10.1002/14651858.cd012862,citation_year_issue
CD012866,10.1002/14651858.cd012866.pub2,10.1002/14651858.cd012866,citation_year_issue
CD012868,10.1002/14651858.cd012868.pub2,10.1002/14651858.cd012868,citation_year_issue
CD012886,10.1002/14651858.cd012886.pub3,10.1002/14651858.cd012886.pub2,citation_year_issue
CD012891,10.1002/14651858.cd012891.pub2,10.1002/14651858.cd012891,citation_year_issue
CD012894,10.1002/14651858.cd012894.pub2,10.1002/14651858.cd012894,citation_year_issue
CD012900,10.1002/14651858.cd012900.pub2,10.1002/14651858.cd012900,citation_year_issue
CD012905,10.1002/14651858.cd012905.pub2,10.1002/14651858.cd012905,citation_year_issue
CD012908,10.1002/14651858.cd012908.pub2,10.1002/14651858.cd012908,citation_year_issue
CD012909,10.1002/14651858.cd012909.pub2,10.1002/14651858.cd012909,citation_year_issue
CD012920,10.1002/14651858.cd012920.pub2,10.1002/14651858.cd012920,citation_year_issue
CD012921,10.1002/14651858.cd012921.pub2,10.1002/14651858.cd012921,citation_year_issue
CD012923,10.1002/14651858.cd012923.pub2,10.1002/14651858.cd012923,citation_year_issue
CD012924,10.1002/14651858.cd012924.pub2,10.1002/14651858.cd012924,citation_year_issue
CD012925,10.1002/14651858.cd012925.pub2,10.1002/14651858.cd012925,citation_year_issue
CD012926,10.1002/14651858.cd012926.pub2,10.1002/14651858.cd012926,citation_year_issue
CD012929,10.1002/14651858.cd012929.pub2,10.1002/14651858.cd012929,embedded_doi
CD012937,10.1002/14651858.cd012937.pub3,10.1002/14651858.cd012937.pub2,citation_year_issue
CD012939,10.1002/14651858.cd012939.pub2,10.1002/14651858.cd012939,citation_year_issue
CD012940,10.1002/14651858.cd012940.pub3,10.1002/14651858.cd012940.pub2,citation_year_issue
CD012942,10.1002/14651858.cd012942.pub2,10.1002/14651858.cd012942,citation_year_issue
CD012963,10.1002/14651858.cd012963.pub2,10.1002/14651858.cd012963,citation_year_issue
CD012965,10.1002/14651858.cd012965.pub3,10.1002/14651858.cd012965.pub2,byte_match_to_audited_package
CD012967,10.1002/14651858.cd012967.pub2,10.1002/14651858.cd012967,citation_year_issue
CD012968,10.1002/14651858.cd012968.pub2,10.1002/14651858.cd012968,embedded_doi
CD012972,10.1002/14651858.cd012972.pub2,10.1002/14651858.cd012972,embedded_doi
CD012977,10.1002/14651858.cd012977.pub2,10.1002/14651858.cd012977,citation_year_issue
CD012978,10.1002/14651858.cd012978.pub2,10.1002/14651858.cd012978,embedded_doi
CD012979,10.1002/14651858.cd012979.pub3,10.1002/14651858.cd012979,citation_year_issue
CD012984,10.1002/14651858.cd012984.pub2,10.1002/14651858.cd012984,citation_year_issue
CD012985,10.1002/14651858.cd012985.pub2,10.1002/14651858.cd012985,citation_year_issue
CD012992,10.1002/14651858.cd012992.pub2,10.1002/14651858.cd012992,citation_year_issue
CD012993,10.1002/14651858.cd012993.pub2,10.1002/14651858.cd012993,citation_year_issue
CD012996,10.1002/14651858.cd012996.pub2,10.1002/14651858.cd012996,embedded_doi
CD012997,10.1002/14651858.cd012997.pub3,10.1002/14651858.cd012997,embedded_doi
CD012998,10.1002/14651858.cd012998.pub2,10.1002/14651858.cd012998,embedded_doi
CD013000,10.1002/14651858.cd013000.pub2,10.1002/14651858.cd013000,citation_year_issue
CD013001,10.1002/14651858.cd013001.pub2,10.1002/14651858.cd013001,citation_year_issue
CD013006,10.1002/14651858.cd013006.pub2,10.1002/14651858.cd013006,citation_year_issue
CD013020,10.1002/14651858.cd013020.pub2,10.1002/14651858.cd013020,citation_year_issue
CD013023,10.1002/14651858.cd013023.pub2,10.1002/14651858.cd013023,citation_year_issue
CD013029,10.1002/14651858.cd013029.pub2,10.1002/14651858.cd013029,embedded_doi
CD013038,10.1002/14651858.cd013038.pub3,10.1002/14651858.cd013038.pub2,citation_year_issue
CD013039,10.1002/14651858.cd013039.pub2,10.1002/14651858.cd013039,embedded_doi
CD013042,10.1002/14651858.cd013042.pub2,10.1002/14651858.cd013042,citation_year_issue
CD013046,10.1002/14651858.cd013046.pub2,10.1002/14651858.cd013046,embedded_doi
CD013047,10.1002/14651858.cd013047.pub2,10.1002/14651858.cd013047,citation_year_issue
CD013051,10.1002/14651858.cd013051.pub3,10.1002/14651858.cd013051.pub2,citation_year_issue
CD013054,10.1002/14651858.cd013054.pub3,10.1002/14651858.cd013054.pub2,embedded_doi
CD013055,10.1002/14651858.cd013055.pub3,10.1002/14651858.cd013055.pub2,citation_year_issue
CD013056,10.1002/14651858.cd013056.pub3,10.1002/14651858.cd013056.pub2,embedded_doi
CD013057,10.1002/14651858.cd013057.pub3,10.1002/14651858.cd013057.pub2,embedded_doi
CD013059,10.1002/14651858.cd013059.pub2,10.1002/14651858.cd013059,citation_year_issue
CD013079,10.1002/14651858.cd013079.pub3,10.1002/14651858.cd013079.pub2,embedded_doi
CD013085,10.1002/14651858.cd013085.pub3,10.1002/14651858.cd013085.pub2,embedded_doi
CD013096,10.1002/14651858.cd013096.pub2,10.1002/14651858.cd013096,embedded_doi
CD013105,10.1002/14651858.cd013105.pub2,10.1002/14651858.cd013105,citation_year_issue
CD013108,10.1002/14651858.cd013108.pub2,10.1002/14651858.cd013108,byte_match_to_audited_package
CD013119,10.1002/14651858.cd013119.pub2,10.1002/14651858.cd013119,embedded_doi
CD013134,10.1002/14651858.cd013134.pub3,10.1002/14651858.cd013134.pub2,embedded_doi
CD013167,10.1002/14651858.cd013167.pub2,10.1002/14651858.cd013167,embedded_doi
CD013169,10.1002/14651858.cd013169.pub2,10.1002/14651858.cd013169,embedded_doi
CD013170,10.1002/14651858.cd013170.pub2,10.1002/14651858.cd013170,embedded_doi
CD013173,10.1002/14651858.cd013173.pub2,10.1002/14651858.cd013173,embedded_doi
CD013196,10.1002/14651858.cd013196.pub2,10.1002/14651858.cd013196,embedded_doi
CD013207,10.1002/14651858.cd013207.pub2,10.1002/14651858.cd013207,embedded_doi
CD013224,10.1002/14651858.cd013224.pub2,10.1002/14651858.cd013224,embedded_doi
CD013225,10.1002/14651858.cd013225.pub3,10.1002/14651858.cd013225.pub2,embedded_doi
CD013232,10.1002/14651858.cd013232.pub2,10.1002/14651858.cd013232,citation_year_issue
CD013235,10.1002/14651858.cd013235.pub2,10.1002/14651858.cd013235,embedded_doi
CD013254,10.1002/14651858.cd013254.pub2,10.1002/14651858.cd013254,embedded_doi
CD013257,10.1002/14651858.cd013257.pub3,10.1002/14651858.cd013257.pub2,embedded_doi
CD013259,10.1002/14651858.cd013259.pub3,10.1002/14651858.cd013259.pub2,embedded_doi
CD013263,10.1002/14651858.cd013263.pub2,10.1002/14651858.cd013263,embedded_doi
CD013276,10.1002/14651858.cd013276.pub2,10.1002/14651858.cd013276,embedded_doi
CD013277,10.1002/14651858.cd013277.pub2,10.1002/14651858.cd013277,embedded_doi
CD013278,10.1002/14651858.cd013278.pub3,10.1002/14651858.cd013278,embedded_doi
CD013281,10.1002/14651858.cd013281.pub2,10.1002/14651858.cd013281,embedded_doi
CD013290,10.1002/14651858.cd013290.pub2,10.1002/14651858.cd013290,embedded_doi
CD013306,10.1002/14651858.cd013306.pub2,10.1002/14651858.cd013306,embedded_doi
CD013307,10.1002/14651858.cd013307.pub3,10.1002/14651858.cd013307.pub2,embedded_doi
CD013308,10.1002/14651858.cd013308.pub2,10.1002/14651858.cd013308,citation_year_issue
CD013309,10.1002/14651858.cd013309.pub3,10.1002/14651858.cd013309.pub2,embedded_doi
CD013320,10.1002/14651858.cd013320.pub2,10.1002/14651858.cd013320,embedded_doi
CD013326,10.1002/14651858.cd013326.pub4,10.1002/14651858.cd013326.pub2,embedded_doi
CD013335,10.1002/14651858.cd013335.pub2,10.1002/14651858.cd013335,embedded_doi
CD013336,10.1002/14651858.cd013336.pub2,10.1002/14651858.cd013336,byte_match_to_audited_package
CD013346,10.1002/14651858.cd013346.pub2,10.1002/14651858.cd013346,embedded_doi
CD013357,10.1002/14651858.cd013357.pub2,10.1002/14651858.cd013357,embedded_doi
CD013359,10.1002/14651858.cd013359.pub4,10.1002/14651858.cd013359.pub3,embedded_doi
CD013365,10.1002/14651858.cd013365.pub2,10.1002/14651858.cd013365,citation_year_issue
CD013367,10.1002/14651858.cd013367.pub2,10.1002/14651858.cd013367,embedded_doi
CD013379,10.1002/14651858.cd013379.pub2,10.1002/14651858.cd013379,embedded_doi
CD013380,10.1002/14651858.cd013380.pub2,10.1002/14651858.cd013380,embedded_doi
CD013385,10.1002/14651858.cd013385.pub2,10.1002/14651858.cd013385,embedded_doi
CD013397,10.1002/14651858.cd013397.pub2,10.1002/14651858.cd013397,embedded_doi
CD013409,10.1002/14651858.cd013409.pub2,10.1002/14651858.cd013409,embedded_doi
CD013424,10.1002/14651858.cd013424.pub2,10.1002/14651858.cd013424,embedded_doi
CD013433,10.1002/14651858.cd013433.pub2,10.1002/14651858.cd013433,embedded_doi
CD013437,10.1002/14651858.cd013437.pub2,10.1002/14651858.cd013437,embedded_doi
CD013462,10.1002/14651858.cd013462.pub3,10.1002/14651858.cd013462.pub2,embedded_doi
CD013486,10.1002/14651858.cd013486.pub2,10.1002/14651858.cd013486,embedded_doi
CD013489,10.1002/14651858.cd013489.pub2,10.1002/14651858.cd013489,embedded_doi
CD013495,10.1002/14651858.cd013495.pub2,10.1002/14651858.cd013495,embedded_doi
CD013501,10.1002/14651858.cd013501.pub2,10.1002/14651858.cd013501,embedded_doi
CD013522,10.1002/14651858.cd013522.pub2,10.1002/14651858.cd013522,embedded_doi
CD013528,10.1002/14651858.cd013528.pub2,10.1002/14651858.cd013528,embedded_doi
CD013531,10.1002/14651858.cd013531.pub2,10.1002/14651858.cd013531,embedded_doi
CD013535,10.1002/14651858.cd013535.pub2,10.1002/14651858.cd013535,embedded_doi
CD013552,10.1002/14651858.cd013552.pub2,10.1002/14651858.cd013552,embedded_doi
CD013560,10.1002/14651858.cd013560.pub2,10.1002/14651858.cd013560,embedded_doi
CD013572,10.1002/14651858.cd013572.pub2,10.1002/14651858.cd013572,embedded_doi
CD013575,10.1002/14651858.cd013575.pub2,10.1002/14651858.cd013575,embedded_doi
CD013585,10.1002/14651858.cd013585.pub2,10.1002/14651858.cd013585,embedded_doi
CD013589,10.1002/14651858.cd013589.pub2,10.1002/14651858.cd013589,embedded_doi
CD013600,10.1002/14651858.cd013600.pub6,10.1002/14651858.cd013600.pub5,embedded_doi
CD013600,10.1002/14651858.cd013600.pub7,10.1002/14651858.cd013600.pub5,embedded_doi
CD013650,10.1002/14651858.cd013650.pub2,10.1002/14651858.cd013650,embedded_doi
CD013658,10.1002/14651858.cd013658.pub2,10.1002/14651858.cd013658,embedded_doi
CD013662,10.1002/14651858.cd013662.pub2,10.1002/14651858.cd013662,embedded_doi
CD013667,10.1002/14651858.cd013667.pub2,10.1002/14651858.cd013667,embedded_doi
CD013668,10.1002/14651858.cd013668.pub2,10.1002/14651858.cd013668,embedded_doi
CD013678,10.1002/14651858.cd013678.pub2,10.1002/14651858.cd013678,embedded_doi
CD013682,10.1002/14651858.cd013682.pub2,10.1002/14651858.cd013682,embedded_doi
CD013692,10.1002/14651858.cd013692.pub3,10.1002/14651858.cd013692.pub2,embedded_doi
CD013697,10.1002/14651858.cd013697.pub2,10.1002/14651858.cd013697,embedded_doi
CD013720,10.1002/14651858.cd013720.pub3,10.1002/14651858.cd013720.pub2,embedded_doi
CD013732,10.1002/14651858.cd013732.pub2,10.1002/14651858.cd013732,embedded_doi
CD013733,10.1002/14651858.cd013733.pub3,10.1002/14651858.cd013733.pub2,embedded_doi
CD013740,10.1002/14651858.cd013740.pub2,10.1002/14651858.cd013740,embedded_doi
CD013757,10.1002/14651858.cd013757.pub3,10.1002/14651858.cd013757,embedded_doi
CD013776,10.1002/14651858.cd013776.pub2,10.1002/14651858.cd013776,embedded_doi
CD013776,10.1002/14651858.cd013776.pub3,10.1002/14651858.cd013776,embedded_doi
CD013792,10.1002/14651858.cd013792.pub2,10.1002/14651858.cd013792,embedded_doi
CD013825,10.1002/14651858.cd013825.pub2,10.1002/14651858.cd013825,embedded_doi
CD013836,10.1002/14651858.cd013836.pub2,10.1002/14651858.cd013836,embedded_doi
CD013837,10.1002/14651858.cd013837.pub2,10.1002/14651858.cd013837,embedded_doi
CD013864,10.1002/14651858.cd013864.pub2,10.1002/14651858.cd013864,embedded_doi
CD013874,10.1002/14651858.cd013874.pub3,10.1002/14651858.cd013874,embedded_doi
CD014617,10.1002/14651858.cd014617.pub3,10.1002/14651858.cd014617.pub2,embedded_doi
CD014758,10.1002/14651858.cd014758.pub3,10.1002/14651858.cd014758.pub2,embedded_doi
CD014908,10.1002/14651858.cd014908.pub3,10.1002/14651858.cd014908.pub2,embedded_doi
CD014953,10.1002/14651858.cd014953.pub2,10.1002/14651858.cd014953,embedded_doi
CD015056,10.1002/14651858.cd015056.pub3,10.1002/14651858.cd015056.pub2,embedded_doi
CD015112,10.1002/14651858.cd015112.pub3,10.1002/14651858.cd015112.pub2,embedded_doi
CD015395,10.1002/14651858.cd015395.pub3,10.1002/14651858.cd015395.pub2,embedded_doi
