meta_id,doi_collection
Ahm2014,10.1177/0010414013495358
ArcNic2009,10.1111/j.1540-5907.2008.00354.x
AskDouPal2021,10.1016/j.ejpoleco.2021.102089
AwaBelEst2020,10.1093/jopart/muaa016
Bal2010,10.1177/0022002709352443
BalTybWuAntVan2018,10.1177/0022002716658694
BarTraSau2020,10.1017/s0020818320000508
BelCan2017,10.1111/puar.12714
BhaDahHan2019,10.1017/s0007123416000521
BlaChrRud2020,10.1017/s0003055420000957
Bro2018,10.1080/13510347.2017.1362556
BurKosLan2013,10.1111/pops.12005
ColRosMag2020,10.1016/j.ejpoleco.2019.101824
deWBek2017,10.1093/jopart/muw044
DinLuRic2021,10.1111/puar.13361
DinSchSon2020,10.1146/annurev-polisci-052918-020708
DouUlu2006,10.1016/j.ejpoleco.2005.06.003
EfePugAdn2011,10.1016/j.ejpoleco.2010.12.003
EshEtAl2021,10.1111/puar.13367
Ger2016,10.1111/puar.12433
GreGer2019,NA
GreMicRob2006,10.1002/pam.20190
Hei2020,10.1007/s11127-020-00784-8
Hei2021,10.1016/j.ejpoleco.2021.102002
HeiMoeYet2018,10.1016/j.ejpoleco.2017.03.008
HolRanMooCro2021,10.1007/s11109-021-09746-2
HomMcCTab2015,10.1111/puar.12423
HouCon2019,10.1111/pops.12583
Inc2020,10.1017/s000305542000012x
KalBro2017,10.1017/s0003055417000363
LauSigBro2007,10.1111/j.1468-2508.2007.00618.x
LiOweMit2018,10.1093/isq/sqy014
Lu2016,10.1002/nml.21203
Lu2018,10.1177/0275074016680024
LuLinWan2019,10.1007/s11266-019-00093-9
MatKnoValHopSik2019,10.1080/10584609.2019.1619638
MerPhi2018,10.1111/coep.12234
MunRam2021,10.1080/10584609.2020.1843572
OBr2019,10.1177/2053168018818232
OweLi2020,10.1017/psrm.2020.15
Phi2016,10.1007/s11127-016-0364-1
SchCop2021,10.1086/716290
TriWen2020,10.1093/isr/viaa023
WalEtAl2020,10.1080/10584609.2019.1668894
YesYes2019,10.1177/0022343318808841
ZhaEtAl2021,10.1111/puar.13368
