title_key,journal,year,source_doi,doi
audit risk and rent extraction evidence from a randomized evaluation in brazil,Journal of Development Economics,2018,NA,10.1016/j.jdeveco.2018.03.008
ban the box criminal records and racial discrimination a field experiment,Quarterly Journal of Economics,2018,NA,10.1093/qje/qjx028
banking the unbanked evidence from three countries,AEJ: Applied Economics,2018,10.1257/rct.83-1.0,10.1257/app.20160597
can quotas increase the supply of candidates for higher level positions evidence from local government in india,Review of Economics and Statistics,2020,NA,10.1162/rest_a_00802
competitive preferences and ethnicity experimental evidence from bangladesh,Economic Journal,2020,NA,10.1093/ej/uez063
can online off the shelf lessons improve student outcomes evidence from a field experiment,AEJ: Economic Policy,2018,NA,10.1257/pol.20170211
can iron fortified salt control anemia evidence from two experiments in rural bihar,Journal of Development Economics,2018,10.1257/rct.10-1.0,10.1016/j.jdeveco.2017.12.004
can referral improve targeting evidence from an agricultural training experiment,Journal of Development Economics,2020,NA,10.1016/j.jdeveco.2019.102436
can unconditional cash transfers raise long term living standards evidence from zambia,Journal of Development Economics,2018,NA,10.1016/j.jdeveco.2018.01.008
can vouchers reduce elite capture of local development projects experimental evidence from the solomon islands,Journal of Public Economics,2018,10.1257/rct.1820-1.0,10.1016/j.jpubeco.2018.02.011
caseworker s discretion and the effectiveness of welfare to work programs,Journal of Public Economics,2020,NA,10.1016/j.jpubeco.2019.104080
cash transfers polygamy and intimate partner violence experimental evidence from mali,Journal of Development Economics,2020,NA,10.1016/j.jdeveco.2019.102410
combining pre school teacher training with parenting education a cluster randomized controlled trial,Journal of Development Economics,2018,NA,10.1016/j.jdeveco.2018.04.004
competition and entry in agricultural markets experimental evidence from kenya,American Economic Review,2020,10.1257/rct.682-3.0,10.1257/aer.20171397
coordination and contagion individual connections and peer mechanisms in a randomized field experiment,Journal of Public Economics,2020,NA,10.1016/j.jpubeco.2019.104069
credit lines in microcredit short term evidence from a randomized controlled trial in india,Journal of Development Economics,2020,NA,10.1016/j.jdeveco.2020.102497
do anti poverty programs sway voters experimental evidence from uganda,Review of Economics and Statistics,2018,NA,10.1162/rest_a_00737
double for nothing experimental evidence on an unconditional teacher salary increase in indonesia,Quarterly Journal of Economics,2018,NA,10.1093/qje/qjx040
data and policy decisions experimental evidence from pakistan,Journal of Development Economics,2020,NA,10.1016/j.jdeveco.2020.102523
debates voting and expenditure responses to political communication,Journal of Political Economy,2020,10.1257/rct.26-7.0,10.1086/706862
decentralized delivery of financial education experimental evidence from rwanda,Journal of Development Economics,2020,10.1257/rct.1150-1.0,10.1016/j.jdeveco.2020.102439
designed to fail effects of the default option and information complexity on student loan repayment,Journal of Public Economics,2020,NA,10.1016/j.jpubeco.2020.104298
diffusion of agricultural information within social networks evidence on gender inequalities from mali,Journal of Development Economics,2018,NA,10.1016/j.jdeveco.2018.01.009
do job networks disadvantage women evidence from a recruitment experiment in malawi,Journal of Labor Economics,2018,NA,10.1086/693869
do low wage employers discriminate against applicants with long commutes,Journal of Human Resources,2020,NA,10.3368/jhr.55.3.1016-8327r
do management interventions last evidence from india,AEJ: Applied Economics,2020,10.1257/rct.2808-1.0,10.1257/app.20180369
does advertising serve as a signal evidence from a field experiment in mobile search,Review of Economic Studies,2020,NA,10.1093/restud/rdz053
does information break the political resource curse experimental evidence from mozambique,American Economic Review,2020,10.1257/rct.2493-3.0,10.1257/aer.20190842
does teaching children how to play cognitively demanding games improve their educational attainment,Journal of Human Resources,2018,NA,10.3368/jhr.53.4.0516.7952r
does feedback matter evidence from agricultural services,Journal of Development Economics,2018,NA,10.1016/j.jdeveco.2017.10.013
does improved storage technology promote modern input use and food security evidence from a randomized trial in uganda,Journal of Development Economics,2018,NA,10.1016/j.jdeveco.2018.07.006
does inducing informal firms to formalize make sense experimental evidence from benin,Journal of Public Economics,2018,10.1257/rct.515-4.0,10.1016/j.jpubeco.2017.11.004
do peers influence occupational preferences evidence from randomlyassigned peer groups atwest point,Journal of Public Economics,2020,NA,10.1016/j.jpubeco.2020.104154
do single sex classes affect academic achievement an experiment in a coeducational university,Journal of Public Economics,2018,NA,10.1016/j.jpubeco.2018.08.016
ethnically biased experimental evidence from kenya,Journal of the European Economic Association,2020,10.1257/rct.16-1.0,10.1093/jeea/jvz003
economic and psychological effects of health insurance and cash transfers evidence from a randomized experiment in kenya,Journal of Development Economics,2020,10.1257/rct.647-2.0,10.1016/j.jdeveco.2019.102416
educational inequality and public policy preferences evidence from representative survey experiments,Journal of Public Economics,2020,NA,10.1016/j.jpubeco.2020.104226
e governance accountability and leakage in public programs experimental evidence from a financial management reform in india,AEJ: Applied Economics,2020,10.1257/rct.9-1.0,10.1257/app.20180302
experimental evidence on the economics of rural electrification,Journal of Political Economy,2020,10.1257/rct.350-8.299999999999999,10.1086/705417
experimental evidence on scaling up education reforms in kenya,Journal of Public Economics,2018,NA,10.1016/j.jpubeco.2018.08.007
experimental identification of asymmetric information evidence on crop insurance in the philippines,Journal of Development Economics,2020,10.1257/rct.168-2.1,10.1016/j.jdeveco.2019.102414
experimental long term effects of early childhood and school age exposure to a conditional cash transfer program,Journal of Development Economics,2020,NA,10.1016/j.jdeveco.2019.102385
experimenting with caseworker direction evidence from voucher funded job training,Journal of Human Resources,2020,NA,10.3368/jhr.55.2.0716.8057r1
exploiting externalities to estimate the long term effects of early childhood deworming,AEJ: Applied Economics,2018,NA,10.1257/app.20160183
friendship and female education evidence from a field experiment in bangladeshi primary schools,Economic Journal,2020,NA,10.1093/ej/uez064
facts alternative facts and fact checking in times of post truth politic,Journal of Public Economics,2020,NA,10.1016/j.jpubeco.2019.104123
failure of frequent assessment an evaluation of india s continuous and comprehensive evaluation program,Journal of Development Economics,2020,10.1257/rct.8-1.0,10.1016/j.jdeveco.2019.102406
formal finance and informal safety nets of the poor evidence from a savings field experiment,Journal of Development Economics,2018,NA,10.1016/j.jdeveco.2018.07.015
formalization without certification experimental evidence on property rights and investment,Journal of Development Economics,2018,NA,10.1016/j.jdeveco.2017.12.008
fostering patience in the classroom results from randomized educational intervention,Journal of Political Economy,2018,NA,10.1086/699007
framing effects earnings expectations and the design of student loan repayment schemes,Journal of Public Economics,2020,NA,10.1016/j.jpubeco.2019.104067
free to choose can school choice reduce student achievement,AEJ: Applied Economics,2018,NA,10.1257/app.20160634
god insures those who pay formal insurance and religious offerings in ghana,Quarterly Journal of Economics,2020,10.1257/rct.558-4.0,10.1093/qje/qjaa015
gender gaps in technology diffusion,Journal of Development Economics,2020,NA,10.1016/j.jdeveco.2019.102380
gender quotas in development programming null results from a field experiment in congo,Journal of Development Economics,2018,NA,10.1016/j.jdeveco.2018.02.006
ghostbusting in detroit evidence on nonfilers from a controlled field experiment,Journal of Public Economics,2018,NA,10.1016/j.jpubeco.2018.01.005
grain today gain tomorrow evidence from a storage experiment with savings clubs in kenya,Journal of Development Economics,2018,NA,10.1016/j.jdeveco.2018.04.001
health services as credence goods a field experiment,Economic Journal,2020,NA,10.1093/ej/ueaa024
healthcare at the beginning of life and child survival evidence from a cash transfer experiment in nigeria,Journal of Development Economics,2020,NA,10.1016/j.jdeveco.2019.102426
household economic strengthening through financial and psychosocial programming evidence from a field experiment in south africa,Journal of Development Economics,2018,10.1257/rct.2138-4.0,10.1016/j.jdeveco.2018.06.016
how do firms form their expectations new survey evidence,American Economic Review,2018,NA,10.1257/aer.20151299
howcan bill andmelinda gates increase other people s donations to fund public goods,Journal of Public Economics,2020,NA,10.1016/j.jpubeco.2020.104296
how effective is energy efficient housing evidence from a field trial in mexico,Journal of Development Economics,2020,NA,10.1016/j.jdeveco.2019.102390
how information about foreign aid affects public spending decisions evidence from a field experiment in malawi,Journal of Development Economics,2020,NA,10.1016/j.jdeveco.2020.102522
how information affects support for education spending evidence from survey experiments in germany and the united states,Journal of Public Economics,2018,NA,10.1016/j.jpubeco.2018.09.011
how to improve teaching practice an experimental comparison of centralized training and in classroom coaching,Journal of Human Resources,2020,10.1257/rct.1749-1.0,10.3368/jhr.55.3.0618-9538r1
identity and bias insights from driving tests,Economic Journal,2020,NA,10.1093/ej/uez048
interfirm relationships and business performance,Quarterly Journal of Economics,2018,NA,10.1093/qje/qjx049
it s getting crowded in here experimental evidence of demand constraints in the gender profit gap,Economic Journal,2020,10.1257/rct.2802-2.0,10.1093/ej/ueaa040
immaterial and monetary gifts in economic transactions evidence from the field,Experimental Economics,2018,NA,10.1007/s10683-017-9536-1
improving college instruction through incentives,Journal of Political Economy,2020,10.1257/rct.1411-2.0,10.1086/707025
improving learning outcomes through information provision experimental evidence from indian villages,Journal of Development Economics,2020,NA,10.1016/j.jdeveco.2018.08.002
incentivizing safer sexual behavior evidence from a lottery experiment on hiv prevention,AEJ: Applied Economics,2018,10.1257/rct.567-1.0,10.1257/app.20160469
informing and inquiring experimental evidence on reducing traffic violations,Journal of Development Economics,2020,NA,10.1016/j.jdeveco.2020.102534
institutions implementation and program effectiveness evidence from a randomized evaluation of computer assisted learning in rural china,Journal of Development Economics,2020,NA,10.1016/j.jdeveco.2020.102487
intended college attendance evidence from an experiment on college returns and costs,Journal of Public Economics,2018,NA,10.1016/j.jpubeco.2017.11.002
location search costs and youth unemployment experimental evidence from transport subsidies,Economic Journal,2018,NA,10.1111/ecoj.12509
labor market concerns and support for immigration,Journal of Public Economics,2020,10.1257/rct.2247-4.0,10.1016/j.jpubeco.2020.104256
land division a lab in the field bargaining experiment,Journal of Development Economics,2020,NA,10.1016/j.jdeveco.2020.102525
learning job skills from colleagues at work evidence from a field experiment using teacher performance data,AEJ: Economic Policy,2020,NA,10.1257/pol.20170709
learning about job search a field experiment with job seekers in germany,Journal of Public Economics,2018,NA,10.1016/j.jpubeco.2018.05.003
liking what others like using facebook to identify determinants of conformity,Experimental Economics,2018,NA,10.1007/s10683-017-9552-1
losing prosociality in the quest for talent sorting selection and productivity in the delivery of public services,American Economic Review,2020,10.1257/rct.64-1.0,10.1257/aer.20180326
measuring the indirect effects of adverse employer behavior on worker productivity a field experiment,Economic Journal,2020,10.1257/rct.1075-1.0,10.1093/ej/ueaa038
maternal depression women s empowerment and parental investment evidence from a randomized controlled trial,American Economic Review,2020,NA,10.1257/aer.20180511
mentors or teachers microenterprise training in kenya,AEJ: Applied Economics,2018,NA,10.1257/app.20170042
migration under liquidity constraints evidence from randomized credit access in china,Journal of Development Economics,2020,NA,10.1016/j.jdeveco.2018.06.005
misperceived social norms women working outside the home in saudi arabia,American Economic Review,2020,10.1257/rct.2447-1.0,10.1257/aer.20180975
missing miles evasion responses to car taxe,Journal of Public Economics,2020,10.1257/rct.2591-1.0,10.1016/j.jpubeco.2019.104108
moral suasion and economic incentives field experimental evidence from energy demand,AEJ: Economic Policy,2018,NA,10.1257/pol.20160093
negotiating a better future how interpersonal skills facilitate intergenerational investment,Quarterly Journal of Economics,2020,10.1257/rct.74-1.0,10.1093/qje/qjz039
nonbinding peer review and effort in teams evidence from a field experiment,Journal of Human Resources,2020,NA,10.3368/jhr.55.4.0717-8907r2
one in a million field experiments on perceived closeness of the election and voter turnout,AEJ: Applied Economics,2020,10.1257/rct.3199-1.0,10.1257/app.20180574
outsourcing education experimental evidence from liberia,American Economic Review,2020,10.1257/rct.1501-6.3999999999999995,10.1257/aer.20181478
political identity experimental evidence on anti americanism in pakistan,Journal of the European Economic Association,2020,NA,10.1093/jeea/jvz053
parental monitoring and children s internet use the role of information control and cues,Journal of Public Economics,2020,NA,10.1016/j.jpubeco.2020.104208
pay for locally monitored performance a welfare analysis for teacher attendance in ugandan primary schools,Journal of Public Economics,2018,NA,10.1016/j.jpubeco.2018.04.010
peer effects in computer assisted learning evidence from a randomized experiment,Experimental Economics,2018,NA,10.1007/s10683-017-9538-z
performance bonuses in the public sector winner take all prizes versus proportional payments to reduce child malnutrition in india,Journal of Development Economics,2020,NA,10.1016/j.jdeveco.2018.10.003
political inclusion and educational investment estimates from a national policy experiment in india,Journal of Development Economics,2018,NA,10.1016/j.jdeveco.2018.08.004
preschool and parental response in a second best world,Journal of Human Resources,2018,NA,10.3368/jhr.53.2.1215-7581r1
price and control elasticities of demand for savings,Journal of Development Economics,2018,NA,10.1016/j.jdeveco.2017.10.004
productivity in piece rate labor markets evidence from rural malawi,Journal of Development Economics,2018,NA,10.1016/j.jdeveco.2017.11.002
providing performance information in education an experimental evaluation in colombia,Journal of Public Economics,2020,10.1257/rct.2192-2.0,10.1016/j.jpubeco.2020.104185
racial discrimination in transportation network companies,Journal of Public Economics,2020,NA,10.1016/j.jpubeco.2020.104205
rankings and risk taking in the finance industry,Journal of Finance,2018,NA,10.1111/jofi.12701
role models or individual consulting the impact of personalizing micro entrepreneurship training,AEJ: Applied Economics,2018,NA,10.1257/app.20170077
status goods experimental evidence from platinum credit cards,Quarterly Journal of Economics,2018,10.1257/rct.828-1.0,10.1093/qje/qjx048
saving by default evidence from a field experiment in rural india,AEJ: Applied Economics,2018,10.1257/rct.387-3.1,10.1257/app.20160547
saving more in groups field experimental evidence from chile,Journal of Development Economics,2018,NA,10.1016/j.jdeveco.2018.01.006
seasonal liquidity rural labor markets and agricultural production,American Economic Review,2020,10.1257/rct.130-3.0,10.1257/aer.20180607
shaming tax delinquents,Journal of Public Economics,2018,NA,10.1016/j.jpubeco.2018.09.008
skills job tasks and productivity in teaching evidence from a randomized trial of instruction practices,Journal of Labor Economics,2018,NA,10.1086/696144
social networks as contract enforcement evidence from a lab experiment in the field,AEJ: Applied Economics,2018,NA,10.1257/app.20150057
social preferences and political attitudes an online experiment on a large heterogeneous sample,Journal of Public Economics,2020,NA,10.1016/j.jpubeco.2019.104076
sorting through affirmative action three field experiments in colombia,Journal of Labor Economics,2018,NA,10.1086/694469
student coaching how far can technology go,Journal of Human Resources,2018,10.1257/rct.810-5.0,10.3368/jhr.53.2.1216-8439r
subsidies versus mental accounting nudges harnessing mobile payment systems to improve sanitation,Journal of Development Economics,2018,NA,10.1016/j.jdeveco.2018.07.007
subsidy policies and insurance demand,American Economic Review,2020,NA,10.1257/aer.20190661
tackling youth unemployment evidence from a labor market experiment in uganda,Econometrica,2020,NA,10.3982/ecta15959
technology adoption under uncertainty take up and subsequent investment in zambia,Review of Economics and Statistics,2020,NA,10.1162/rest_a_00823
tell me something i don t already know informedness and the impact of information programs,Review of Economics and Statistics,2018,NA,10.1162/rest_a_00695
the effect of gender targeted conditional cash transfers on household expenditures evidence from a randomized experiment,Economic Journal,2020,NA,10.1093/ej/ueaa056
the effect of teacher s aides in the classroom evidence from a randomized trial,Journal of the European Economic Association,2020,NA,10.1093/jeea/jvy048
the half life of happiness hedonic adaptation in the subjective well being of poor slum dwellers to the satisfaction of basic housing needs,Journal of the European Economic Association,2018,NA,10.1093/jeea/jvx042
the morale effects of pay inequality,Quarterly Journal of Economics,2018,NA,10.1093/qje/qjx041
the participation dividend of taxation how citizens in congo engage more with the state when it tries to tax them,Quarterly Journal of Economics,2020,10.1257/rct.1316-5.199999999999999,10.1093/qje/qjaa019
the role of career andwage incentives in labor productivity evidence from a two stage field experiment in malawi,Review of Economics and Statistics,2020,NA,10.1162/rest_a_00854
the value of regulatory discretion estimates from environmental inspections in india,Econometrica,2018,NA,10.3982/ecta12876
toward an understanding of the welfare effects of nudges evidence from a field experiment in uganda,Economic Journal,2020,NA,10.1093/ej/ueaa054
tangible information and citizen empowerment identification cards and food subsidy programs in indonesia,Journal of Political Economy,2018,10.1257/rct.96-2.0,10.1086/696226
targeted debt relief and the origins of financial distress experimental evidence from distressed credit card borrowers,American Economic Review,2020,10.1257/rct.5045-1.0,10.1257/aer.20171541
temptation in vote selling evidence from a field experiment in the philippines,Journal of Development Economics,2018,NA,10.1016/j.jdeveco.2017.10.012
the contingent effect of management practices,Review of Economic Studies,2020,NA,10.1093/restud/rdz034
the dynamics of motivated beliefs,American Economic Review,2020,NA,10.1257/aer.20180728
the effect of early childhood education on social preferences,Journal of Political Economy,2020,NA,10.1086/706858
the effect of promoting savings on informal risk sharing experimental evidence from vulnerable women in kenya,Journal of Human Resources,2020,NA,10.3368/jhr.55.3.0917-9077r2
the effects of micro entrepreneurship programs on labor market performance experimental evidence from chile,AEJ: Applied Economics,2018,NA,10.1257/app.20150245
the first 2 000 days and child skills,Journal of Political Economy,2020,10.1257/rct.66-2.0,10.1086/705707
the impact of consulting services on small and medium enterprises evidence from a randomized trial in mexico,Journal of Political Economy,2018,NA,10.1086/696154
the impact of financial education on adolescents intertemporal choices,AEJ: Economic Policy,2018,NA,10.1257/pol.20170012
the impact of management practices on employee productivity a field experiment with airline captains,Journal of Political Economy,2020,NA,10.1086/705375
the impacts of industrial and entrepreneurial work on income and health experimental evidence from ethiopia,AEJ: Applied Economics,2018,NA,10.1257/app.20170173
the neighborhood impacts of local infrastructure investment evidence from urban mexico,AEJ: Applied Economics,2018,10.1257/rct.1640-1.0,10.1257/app.20160429
the opportunity costs of mandatory military service evidence from a draft lottery,Journal of Labor Economics,2020,NA,10.1086/704495
the persistent power of behavioral change long run impacts of temporary savings subsidies for the poor,AEJ: Applied Economics,2018,10.1257/rct.1358-1.0,10.1257/app.20170453
the pupil factory specialization and the production of human capital in schools,American Economic Review,2018,NA,10.1257/aer.20161495
the returns to a large community college program evidence from admissions lotteries,AEJ: Economic Policy,2020,NA,10.1257/pol.20170506
the value of reference letters experimental evidence from south africa,AEJ: Applied Economics,2020,10.1257/rct.819-2.0,10.1257/app.20180666
the demand for teacher characteristics in the market for child care evidence from a field experiment,Journal of Public Economics,2018,NA,10.1016/j.jpubeco.2018.02.006
the heterogeneous effect of information on student performance evidence from a randomized control trial in mexico,Journal of Development Economics,2018,NA,10.1016/j.jdeveco.2018.07.008
the hidden costs of nudging experimental evidence from reminders in fundraising,Journal of Public Economics,2018,NA,10.1016/j.jpubeco.2017.11.005
the impact of packaging and messaging on adherence to malaria treatment evidence from a randomized controlled trial in uganda,Journal of Development Economics,2018,10.1257/rct.490-1.0,10.1016/j.jdeveco.2018.04.008
the long term impact of international migration on economic decision making evidence from a migration lottery and lab in the field experiments,Journal of Development Economics,2020,NA,10.1016/j.jdeveco.2019.102391
the short term impact of a productive asset transfer in families with child labor experimental evidence from the philippines,Journal of Development Economics,2020,NA,10.1016/j.jdeveco.2020.102486
ties that bind network redistributive pressure and economic decisions in village economies,Journal of Development Economics,2018,NA,10.1016/j.jdeveco.2017.12.001
time discounting and wealth inequality,American Economic Review,2020,NA,10.1257/aer.20181096
time versus state in insurance experimental evidence from contract farming in kenya,American Economic Review,2018,10.1257/rct.486-2.0,10.1257/aer.20171526
together we will experimental evidence on female voting behavior in pakistan,AEJ: Applied Economics,2018,NA,10.1257/app.20130480
trading frictions in indian village economies,Journal of Development Economics,2018,NA,10.1016/j.jdeveco.2017.12.010
using goals to motivate college students theory and evidence from field experiments,Review of Economics and Statistics,2020,NA,10.1162/rest_a_00864
un fortunate sons effects of the vietnam draft lottery on the next generations labor market,AEJ: Applied Economics,2020,NA,10.1257/app.20170482
unshrouding evidence from bank overdrafts in turkey,Journal of Finance,2018,NA,10.1111/jofi.12593
upping the ante the equilibrium effects of unconditional grants to private schools,American Economic Review,2020,10.1257/rct.3019-2.0,10.1257/aer.20180924
using social connections and financial incentives to solve coordination failure a quasi field experiment in india s manufacturing sector,Journal of Development Economics,2020,NA,10.1016/j.jdeveco.2020.102445
value for money vote buying and politician accountability,Journal of Public Economics,2020,NA,10.1016/j.jpubeco.2020.104227
what impedes efficient adoption of products evidence from randomized sales offers for fuel efficient cookstoves in uganda,Journal of the European Economic Association,2018,NA,10.1093/jeea/jvx051
win or lose residential sorting after a school choice lottery,Review of Economics and Statistics,2020,NA,10.1162/rest_a_00868
workplace knowledge flows,Quarterly Journal of Economics,2020,10.1257/rct.2332-2.0,10.1093/qje/qjaa013
what motivates effort evidence and expert forecasts,Review of Economic Studies,2018,10.1257/rct.714-4.0,10.1093/restud/rdx033
when financial incentives backfire evidence from a community health worker experiment in uganda,Journal of Development Economics,2020,10.1257/rct.1288-8.0,10.1016/j.jdeveco.2019.102437
which early withdrawal penalty attracts the most deposits to a commitment savings account,Journal of Public Economics,2020,NA,10.1016/j.jpubeco.2020.104144
why do defaults affect behavior experimental evidence from afghanistan,American Economic Review,2018,10.1257/rct.280-1.0,10.1257/aer.20171676
will a five minute discussion change your mind a countrywide experiment on voter choice in france,American Economic Review,2018,NA,10.1257/aer.20160524
women s empowerment in action evidence from a randomized control trial in africa,AEJ: Applied Economics,2020,NA,10.1257/app.20170416
your loss is my gain a recruitment experiment with framed incentives,Journal of the European Economic Association,2018,NA,10.1093/jeea/jvx016
ex ante commitments to give if you win exceed donations after a win,Journal of Public Economics,2019,NA,10.1016/j.jpubeco.2018.10.009
the effect of recipient contribution requirements on support for social programs,Journal of Public Economics,2019,NA,10.1016/j.jpubeco.2018.10.011
giving once giving twice a two period field experiment on intertemporal crowding in charitable giving,Journal of Public Economics,2019,NA,10.1016/j.jpubeco.2019.01.002
trust ethnic diversity and personal contact a field experiment,Journal of Public Economics,2019,NA,10.1016/j.jpubeco.2019.02.002
intertempotal substitution in health care demand evidence from the rand health insurance experiment,Journal of Public Economics,2019,NA,10.1016/j.jpubeco.2019.04.006
toward an understanding of the development of time preferences evidence from fiels experiments,Journal of Public Economics,2019,NA,10.1016/j.jpubeco.2019.06.007
reducing discrimination in the field evidence from an awareness raising intervention targeting gender biases in student evaluations of teaching,Journal of Public Economics,2021,NA,10.1016/j.jpubeco.2020.104323
diversity and team performance in a kenyan organization,Journal of Public Economics,2021,NA,10.1016/j.jpubeco.2020.104332
do financial incentives aimed at decreasing interhousehold inequality increase intrahouseold inequality,Journal of Public Economics,2021,NA,10.1016/j.jpubeco.2021.104382
large learning gains in pockets of extreme poverty experimental evidence from guinea bissau,Journal of Public Economics,2021,NA,10.1016/j.jpubeco.2021.104385
information switching costs and consumer choice evidence from two randomized field experiment in swedish primary health care,Journal of Public Economics,2021,NA,10.1016/j.jpubeco.2021.104390
a social norm nudge to save more a field experiment at a retail bank,Journal of Public Economics,2021,NA,10.1016/j.jpubeco.2021.104443
the effect of reduced student loan borrowing on academic performace and default evidence from a loan counseling experiment,Journal of Public Economics,2021,NA,10.1016/j.jpubeco.2021.104493
limits to third party reporting evidence from a randomized field experiment in norway,Journal of Public Economics,2021,NA,10.1016/j.jpubeco.2021.104512
learning from praise evidence from a field experiment with teachers,Journal of Public Economics,2021,NA,10.1016/j.jpubeco.2021.104540
crowd out in school based health interventions evidence from india s midday meals program,Journal of Development Economics,2021,NA,10.1016/j.jpubeco.2021.104552
do children benefit from internet access experimental evidence from peru,Journal of Development Economics,2019,NA,10.1016/j.jdeveco.2018.11.005
income hiding and informal redistribution a lab in the field experiment in senegal,Journal of Development Economics,2019,NA,10.1016/j.jdeveco.2018.11.004
income timing and liquidity constraints evidence from a randomized field experiment,Journal of Development Economics,2019,NA,10.1016/j.jdeveco.2019.01.001
exporting democratic practices evidence from a village governance intervention in eastern congo,Journal of Development Economics,2019,NA,10.1016/j.jdeveco.2019.03.011
ex ante and ex post effects of hybrid index insurance in bangladesh,Journal of Development Economics,2019,NA,10.1016/j.jdeveco.2018.09.003
short term subsidies and seller type a health products experiment in uganda,Journal of Development Economics,2019,NA,10.1016/j.jdeveco.2018.07.013
the persistent effects of youth savings reminders experimental evidence from text message campaigns in colombia,Journal of Development Economics,2019,NA,10.1016/j.jdeveco.2019.03.001
when the money runs out do cash transfers have sustained effects on human capital accumulation,Journal of Development Economics,2019,NA,10.1016/j.jdeveco.2019.04.004
liquidity constraints informal institutions and the adoption of weather insurance a randomized controlled trial in ethiopia,Journal of Development Economics,2019,NA,10.1016/j.jdeveco.2019.06.006
scaling up sanitation evidence from an rct in indonesia,Journal of Development Economics,2019,NA,10.1016/j.jdeveco.2018.12.001
the long term impact of international migration on economics dexision making evidence from a migration lottery and lab in the field experiments,Journal of Development Economics,2019,NA,10.1016/j.jdeveco.2018.12.007
how much can we remedy very low learning levels in rural parts of low income countries impact and generalizability of a multi pronged para teacher intervention from a cluster randomized trial in the gambia,Journal of Development Economics,2021,NA,10.1016/j.jdeveco.2020.102539
relief from usury impact of a self help group lending program in rural india,Journal of Development Economics,2021,NA,10.1016/j.jdeveco.2020.102567
entrepreneurship education and teacher training in rwanda,Journal of Development Economics,2019,NA,10.1016/j.jdeveco.2019.05.006
training the disadvantaged youth and labor market outcomes evidence from bangladesh,Journal of Development Economics,2021,NA,10.1016/j.jdeveco.2020.102585
it takes two experimental evidence on the determinants of technology diffusion,Journal of Development Economics,2021,NA,10.1016/j.jdeveco.2020.102600
how does delegating decisions to communities affect the provision and use of a public service evidence from a field experiment in bangladesh,Journal of Development Economics,2021,NA,10.1016/j.jdeveco.2020.102609
does legal representation increase investment evidence from a field experiment in kenya,Journal of Development Economics,2021,NA,10.1016/j.jdeveco.2020.102612
body and mind experimental evidence from women living with hiv,Journal of Development Economics,2021,NA,10.1016/j.jdeveco.2020.102613
the effects of chess instruction on academic and non cognitive outcomes field experimental evidence from a developing country,Journal of Development Economics,2021,NA,10.1016/j.jdeveco.2020.102615
information technology and market rewards incentivizing aflatoxin control in ghana,Journal of Development Economics,2021,NA,10.1016/j.jdeveco.2020.102620
boosting pension enrollment and household consumption by example a field experiment on information provision,Journal of Development Economics,2021,NA,10.1016/j.jdeveco.2020.102622
contract farming and rural transformation evidence from a field experiment in benin,Journal of Development Economics,2021,NA,10.1016/j.jdeveco.2021.102626
information get out the vote messages and peer influence causal effects on political behavior in mozambique,Journal of Development Economics,2021,NA,10.1016/j.jdeveco.2021.102665
a breath of fresh air raising awareness for clean fuel adoption,Journal of Development Economics,2021,NA,10.1016/j.jdeveco.2021.102674
mis information and anxiety evidence from a randomized covid 19 information campaign,Journal of Development Economics,2021,NA,10.1016/j.jdeveco.2021.102699
subsidies for technology adoption experimental evidence from rural cameroon,Journal of Development Economics,2021,NA,10.1016/j.jdeveco.2021.102710
can community service grants foster social and economic integration for youth a randomized trial in kazakhstan,Journal of Development Economics,2021,NA,10.1016/j.jdeveco.2021.102718
collective action in games as in life experimental evidence from canal cleaning in haiti,Journal of Development Economics,2021,NA,10.1016/j.jdeveco.2021.102722
environmental effects of developments programs experimental evidence from west african dryland forests,Journal of Development Economics,2021,NA,10.1016/j.jdeveco.2021.102737
the power to protect household bargaining and female condom use,Journal of Development Economics,2021,NA,10.1016/j.jdeveco.2021.102745
texts don t nudge an adaptive trial to prevent the spread of covid 19 in india,Journal of Development Economics,2021,NA,10.1016/j.jdeveco.2021.102747
child schooling and child work in the presence of a partial education subsidy,Journal of Human Resources,2019,NA,10.3368/jhr.54.2.0317.8627r1
early childcare and cognitive development evidence from an assignment lottery,Journal of Labor Economics,2019,NA,10.1086/700193
private outsourcing and competition subsidized food distribution in indonesia,Journal of Political Economy,2019,NA,10.1086/700734
parent child information frictions and human capital investment evidence from a field experiment,Journal of Political Economy,2021,NA,10.1086/711410
how to improve tax compliance evidence from population wide experiments in belgium,Journal of Political Economy,2021,NA,10.1086/713096
more than just a nudge supporting kindergarten parents with differentiated and personalized text messages,Journal of Human Resources,2019,NA,10.3368/jhr.54.3.0317-8637r
social networks reputation and commitment evidence from a savings monitors experiment,Econometrica,2019,NA,10.3982/ecta13683
information technology and government decentralization experimental evidence from paraguay,Econometrica,2021,NA,10.3982/ecta17497
the effect of same gender or same race role models on occupation choice evidence from randomly assigned mentors at west point,Journal of Human Resources,2019,NA,10.3368/jhr.54.2.0416.7838r1
acting wife marriage market incentives and labor market investments,American Economic Review,2019,NA,10.1257/aer.20170029
alcohol and self control a field experiment in india,American Economic Review,2019,NA,10.1257/aer.20170458
parents beliefs about their children s academic ability implications for educational investments,American Economic Review,2019,NA,10.1257/aer.20171172
the impact of media censorship 1984 or brave new world,American Economic Review,2019,NA,10.1257/aer.20171765
the dynamics of discrimination theory and evidence,American Economic Review,2019,NA,10.1257/aer.20171829
making moves matter experimental evidence on incentivizing bureaucrats through performance based postings,American Economic Review,2019,NA,10.1257/aer.20180277
demand and supply of infrequent payments as a commitment device evidence from kenya,American Economic Review,2019,NA,10.1257/aer.20180281
paying for kidneys a randomized survey and choice experiment,American Economic Review,2019,NA,10.1257/aer.20180568
does diversity matter for health experimental evidence from oakland,American Economic Review,2019,NA,10.1257/aer.20181446
incentivized resume rating eliciting employer preferences without deception,American Economic Review,2019,NA,10.1257/aer.20181714
the selection of talent experimental and structural evidence from ethiopia,American Economic Review,2021,NA,10.1257/aer.20190586
the role of behavioral frictions in health insurance marketplace enrollment and risk evidence from a field experiment,American Economic Review,2021,NA,10.1257/aer.20190823
how research affects policy experimental evidence from 2 150 brazilian municipalities,American Economic Review,2021,NA,10.1257/aer.20190830
pay me later savings constraints and the demand for deferred payments,American Economic Review,2021,NA,10.1257/aer.20191657
the impacts of a multifaceted prenatal intervention on human capital accumulation in early life,American Economic Review,2021,NA,10.1257/aer.20191726
types of contact a field experiment on collaborative and adversarial caste integration,American Economic Review,2021,NA,10.1257/aer.20191780
recruitment effort and retention effects of performance contracts for civil servants experimental evidence from rwandan primary schools,American Economic Review,2021,NA,10.1257/aer.20191972
the challenges of universal health insurance in developing countries experimental evidence from indonesia s national health insurance,American Economic Review,2021,NA,10.1257/aer.20200523
on her own account how strengthening women s financial control impacts labout supply and gender norms,American Economic Review,2021,NA,10.1257/aer.20200705
the causal effect of competition on prices and quality evidence from a field experiment,AEJ: Applied Economics,2019,NA,10.1257/app.20150310
socializing at work evidence from a field experiment with manufacturing workers,AEJ: Applied Economics,2019,NA,10.1257/app.20160650
medium and long term educational consequences of alternative conditional cash transfer designs experimental evidence from colombia,AEJ: Applied Economics,2019,NA,10.1257/app.20170008
job search periods for welfare applicants evidence from a randomized experiment,AEJ: Applied Economics,2019,NA,10.1257/app.20170163
reducing child mortality in the last mile experimental evidence on community health promoters in uganda,AEJ: Applied Economics,2019,NA,10.1257/app.20170201
does teacher training actually work evidence from a large scale randomized evaluation of a national teacher training program,AEJ: Applied Economics,2019,NA,10.1257/app.20170226
soft commitments reminders and academic performance,AEJ: Applied Economics,2019,NA,10.1257/app.20170288
labour drops experimental evidence on the return to additional labour in microenterprises,AEJ: Applied Economics,2019,NA,10.1257/app.20170497
bridging the intention behavior gap the effect of plan making prompts on job search and employment,AEJ: Applied Economics,2019,NA,10.1257/app.20170566
financial incentives as signals experimental evidence from the recruitment of village promoters in uganda,AEJ: Applied Economics,2019,NA,10.1257/app.20170670
leader selection and service delivery in community groups experimental evidence from uganda,AEJ: Applied Economics,2019,NA,10.1257/app.20180248
growing markets through business training for female entrepreneurs a market level randomized experiment in kenya,AEJ: Applied Economics,2021,NA,10.1257/app.20180340
poverty and migration in the digital age experimental evidence on mobile banking in bangladesh,AEJ: Applied Economics,2021,NA,10.1257/app.20190067
different strokes for different folks experimental evidence on the effectiveness of input and output incentive contracts for health care providers with varying skills,AEJ: Applied Economics,2021,NA,10.1257/app.20190220
teaching labor laws evidence from a randomized control trial in south africa,AEJ: Applied Economics,2021,NA,10.1257/app.20190497
improving last mile service delivery using phone based monitoring,AEJ: Applied Economics,2021,NA,10.1257/app.20190783
the effect of savings accounts on interpersonal financial relationships evidence from a field experiment in rural kenya,Economic Journal,2019,NA,10.1111/ecoj.12553
the effect of social networks on students academic and non cognitive behavioral outcomes evidence from conditional random assignment of friends in school,Economic Journal,2019,NA,10.1111/ecoj.12582
increasing the electoral participation of immigrants experimental evidence from france,Economic Journal,2019,NA,10.1111/ecoj.12584
leveraging parents through low cost technology the impact of high frequency information on student achievement,Journal of Human Resources,2021,NA,10.3368/jhr.56.1.1118-9837r1
the difficult school to work transition of high school dropouts evidence from a field experiment,Journal of Human Resources,2021,NA,10.3368/jhr.56.1.0617-8894r2
increasing workplace diversity evidence from a recruiting experiment at a fortune 500 company,Journal of Human Resources,2021,NA,10.3368/jhr.56.1.0518-9489r1
the effect of advanced placement science on students skills confidence and stress,Journal of Human Resources,2021,NA,10.3368/jhr.56.1.0118-9298r3
gender peer effects on students academic and noncognitive outcomes evidence and mechanisms,Journal of Human Resources,2021,NA,10.3368/jhr.56.3.0918-9736r2
major malfunction a field experiment correcting,Journal of Human Resources,2021,NA,10.3368/jhr.56.3.0317-8599r2
one step at a time the effects of an early literacy text messaging program for parents of preschoolers,Journal of Human Resources,2019,NA,10.3368/jhr.54.3.0517-8756r
using behavioral insights to increase parental engagement the parents and children together intervention,Journal of Human Resources,2019,NA,10.3368/jhr.54.4.0617.8835r
how do employers usecompensation history evidencefrom a field experiment,Journal of Labor Economics,2021,NA,10.1086/709277
teacher peer observation and studenttest scores evidence from a fieldexperiment in englishsecondary schools,Journal of Labor Economics,2021,NA,10.1086/712997
is it harder for older workers to find jobs new and improved evidence from a field experiment,Journal of Political Economy,2019,NA,10.1086/701029
moral incentives in credit card debt repayment evidence from a field experiment,Journal of Political Economy,2019,NA,10.1086/701605
do workers value flexible jobs a field experiment,Journal of Labor Economics,2021,NA,10.1086/711226
distance learning in higher education evidence from a randomized experiment,Journal of the European Economic Association,2021,NA,10.1093/jeea/jvaa060
curating local knowledge experimental evidence from small retailers in indonesia,Journal of the European Economic Association,2021,NA,10.1093/jeea/jvab007
racial discrimination in local public services a field experiment in the united states,Journal of the European Economic Association,2019,NA,10.1093/jeea/jvx045
mitigating the gender gap in the willingness to compete evidence from a randomized field experiment,Journal of the European Economic Association,2019,NA,10.1093/jeea/jvy036
casting a wider tax net experimental evidence from costa rica,AEJ: Economic Policy,2019,NA,10.1257/pol.20160589
are consumers poorly informed about fuel economy evidence from two experiments,AEJ: Economic Policy,2019,NA,10.1257/pol.20170019
voter response to peak and end transfers evidence from a conditional cash transfer experiment,AEJ: Economic Policy,2019,NA,10.1257/pol.20170448
why are relatively poor people not more supportive of redistribution evidence from a randomized survey experiment across ten countries,AEJ: Economic Policy,2021,NA,10.1257/pol.20190276
improving police performance in rajasthan india experimental evidence on incentives managerial autonomy and training,AEJ: Economic Policy,2021,NA,10.1257/pol.20190664
collaborative tax evasion in the provision of services to consumers a field experiment,AEJ: Economic Policy,2021,NA,10.1257/pol.20190675
randomizing religion the impact of protestant evangelism on economic outcomes,Quarterly Journal of Economics,2021,NA,10.1093/qje/qjaa023
health insurance and mortality experimental evidence from taxpayer outreach,Quarterly Journal of Economics,2021,NA,10.1093/qje/qjaa029
building resilient health systems experimental evidence from sierra leone and the 2014 ebola outbreak,Quarterly Journal of Economics,2021,NA,10.1093/qje/qjaa039
does integration change gender attitudes the effect of randomly assigning women to traditionally male teams,Quarterly Journal of Economics,2021,NA,10.1093/qje/qjaa047
the allocation of authority in organizations a field experiment with bureaucrats,Quarterly Journal of Economics,2021,NA,10.1093/qje/qjab029
understanding tax policy how do people reason,Quarterly Journal of Economics,2021,NA,10.1093/qje/qjab033
protests as strategic games experimental evidence from hong kong s antiauthoritarian movement,Quarterly Journal of Economics,2019,NA,10.1093/qje/qjz002
ever failed try again succeed better results from a randomized educational intervention on grit,Quarterly Journal of Economics,2019,NA,10.1093/qje/qjz006
inputs incentives and complementarities in education experimental evidence from tanzania,Quarterly Journal of Economics,2019,NA,10.1093/qje/qjz010
take up and targeting experimental evidence from snap,Quarterly Journal of Economics,2019,NA,10.1093/qje/qjz013
liquidity affects job choice evidence from teach for america,Quarterly Journal of Economics,2019,NA,10.1093/qje/qjz018
what do workplace wellness programs do evidence from the illinois workplace wellness study,Quarterly Journal of Economics,2019,NA,10.1093/qje/qjz023
inflation expectations and firm decisions new causal evidence,Quarterly Journal of Economics,2019,NA,10.1093/qje/qjz029
heads or tails the impact of a coin toss on major life decisions and subsequent happiness,Review of Economic Studies,2021,NA,10.1093/restud/rdaa016
development projects and economic networks lessons from rural gambia,Review of Economic Studies,2021,NA,10.1093/restud/rdaa033
adverse selection in the marriage market hiv testing and marriage in rural malawi,Review of Economic Studies,2021,NA,10.1093/restud/rdaa088
the price effects of cash versus in kind transfers,Review of Economic Studies,2019,NA,10.1093/restud/rdy018
social learning and incentives for experimentation and communication,Review of Economic Studies,2019,NA,10.1093/restud/rdy039
long run price elasticities of demand for credit evidence from a countrywide field experiment in mexico,Review of Economic Studies,2019,NA,10.1093/restud/rdy046
providing advice to jobseekers at low cost an experimental study on online advice,Review of Economic Studies,2019,NA,10.1093/restud/rdy059
using gossips to spread information theory and evidence from two randomized controlled trials,Review of Economic Studies,2019,NA,10.1093/restud/rdz008
what are the headwaters of formal savings experimental evidence from sri lanka,Review of Economic Studies,2019,NA,10.1093/restud/rdz020
transfers behavior change communitcation and intimate partner violence postprogram evidence from rural bangladesh,Review of Economics and Statistics,2019,NA,10.1162/rest_a_00791
can government intervention make firms more investment ready a randomized experiment in the western balkans,Review of Economics and Statistics,2021,NA,10.1162/rest_a_00882
does knowing your fico score change financial behavior evidence from a field experiment with student loan borrowers,Review of Economics and Statistics,2021,NA,10.1162/rest_a_00888
making the grade the sensitivity of education program effectiveness to input choices and outcome measures,Review of Economics and Statistics,2021,NA,10.1162/rest_a_00911
energy efficiency and electricity reliability,Review of Economics and Statistics,2021,NA,10.1162/rest_a_00912
informational shocks and street food safety a field study in urban india,Review of Economics and Statistics,2021,NA,10.1162/rest_a_00913
farmer field days and demonstrator selection for increasing technology adoption,Review of Economics and Statistics,2021,NA,10.1162/rest_a_00917
self control and demand for preventive health evidence from hypertension in india,Review of Economics and Statistics,2021,NA,10.1162/rest_a_00938
improving child health and cognition evidence from a school based nutrition intervention in india,Review of Economics and Statistics,2021,NA,10.1162/rest_a_00950
social capital and large scale agricultural investments an experimental investigation,Economic Journal,2021,NA,10.1093/ej/ueaa050
mobile ising agricultural advice technology adoption diffusion and sustainability,Economic Journal,2021,NA,10.1093/ej/ueaa084
voter mobilisation and trust in electoral institutions evidence from kenya,Economic Journal,2021,NA,10.1093/ej/ueab027
relative performance feedback in education evidence from a randomized controlled trial,Economic Journal,2021,NA,10.1093/ej/ueab043
